"Key";"Source";"Translation";"Context"
"item.fossil.amber";"";"Bernstein";""
"item.fossil.ancient_clock";"";"Antike Uhr2";""
"item.fossil.ancient_key";;"Antiker Schlüssel";""
"item.fossil.ancient_helmet";;"Antiker Helm2";""
"item.fossil.ancient_sword";"Ancient Sword";"Antikes Schwert";""
"item.fossil.artificial_honeycomb";"Artificial Honeycomb";"Künstliche Honigwabe";""
"item.fossil.artificial_honeycomb.desc";"Spawns a baby bee when used on a beehive";"Erschafft ein Bienenbaby, wenn bei Nutzung auf einem Bienenstock";""
"item.fossil.berry_crataegus";"Crataegus Berries";"Weißdornenbeeren";""
"item.fossil.berry_ephedra";"Ephedra Berries";"Meerträubelbeeren";""
"item.fossil.berry_vaccinium";"Vaccinium Berries";"Heidelbeeren";""
"item.fossil.bio_goo";"Bio Goo";"Bio-Schleim";""
"item.fossil.bone_helmet";"Bone Helmet";"Knochenhelm";""
"item.fossil.bone_chestplate";"Bone Chestplate";"Knochenharnisch";""
"item.fossil.bone_leggings";"Bone Leggings";"Knochenbeinschutz";""
"item.fossil.bone_boots";"Bone Boots";"Knochenstiefel";""
"item.fossil.bone_arm";"%s Arm Bone";"%s Armknochen";"Keep the variable %s. It will be replaced with the translated name of the mob"
"item.fossil.bone_foot";"%s Foot";"%s Fuß";"Keep the variable %s. It will be replaced with the translated name of the mob"
"item.fossil.bone_leg";"%s Leg Bone";"%s Beinknochen";"Keep the variable %s. It will be replaced with the translated name of the mob"
"item.fossil.bone_ribcage";"%s Ribcage";"%s Brustkorb";"Keep the variable %s. It will be replaced with the translated name of the mob"
"item.fossil.bone_skull";"%s Skull";"%s Schädel";"Keep the variable %s. It will be replaced with the translated name of the mob"
"item.fossil.bone_tail";"%s Tail Bone";"%s Schwanzknochen";"Keep the variable %s. It will be replaced with the translated name of the mob"
"item.fossil.bone_vertebrae";"%s Vertebrae";"%s Wirbelknochen";"Keep the variable %s. It will be replaced with the translated name of the mob"
"item.fossil.bone_unique_allosaurus";"%s Claw";"%s Klaue";"Keep the variable %s. It will be replaced with the translation of entity.fossil.allosaurus"
"item.fossil.bone_unique_ankylosaurus";"%s Plates";"%s Platten";"Keep the variable %s. It will be replaced with the translation of entity.fossil.ankylosaurus"
"item.fossil.bone_unique_brachiosaurus";"%s Claw";"%s Klaue";"Keep the variable %s. It will be replaced with the translation of entity.fossil.brachiosaurus"
"item.fossil.bone_unique_ceratosaurus";"%s Tooth";"%s Zahn";"Keep the variable %s. It will be replaced with the translation of entity.fossil.ceratosaurus"
"item.fossil.bone_unique_citipati";"%s Claws";"%s Klauen";"Keep the variable %s. It will be replaced with the translation of entity.fossil.citipati"
"item.fossil.bone_unique_compsognathus";"%s Claws";"%s Klauen";"Keep the variable %s. It will be replaced with the translation of entity.fossil.compsognathus"
"item.fossil.bone_unique_confuciusornis";"%s Claws";"%s Klauen";"Keep the variable %s. It will be replaced with the translation of entity.fossil.confuciusornis"
"item.fossil.bone_unique_crassigyrinus";"%s Fin";"%s Finne";"Keep the variable %s. It will be replaced with the translation of entity.fossil.crassigyrinus"
"item.fossil.bone_unique_deinonychus";"%s Claw";"%s Klaue";"Keep the variable %s. It will be replaced with the translation of entity.fossil.deinonychus"
"item.fossil.bone_unique_dimetrodon";"%s Sail";"%s Segel";"Keep the variable %s. It will be replaced with the translation of entity.fossil.dimetrodon"
"item.fossil.bone_unique_dimorphodon";"%s Finger";"%s Finger";"Keep the variable %s. It will be replaced with the translation of entity.fossil.dimorphodon"
"item.fossil.bone_unique_dilophosaurus";"%s Tooth";"%s Zahn";"Keep the variable %s. It will be replaced with the translation of entity.fossil.dilophosaurus"
"item.fossil.bone_unique_diplocaulus";"%s Fin";"%s Finne";"Keep the variable %s. It will be replaced with the translation of entity.fossil.diplocaulus"
"item.fossil.bone_unique_diplodocus";"%s Claw";"%s Klaue";"Keep the variable %s. It will be replaced with the translation of entity.fossil.diplodocus"
"item.fossil.bone_unique_dodo";"%s Wing";"%s Flügel";"Keep the variable %s. It will be replaced with the translation of entity.fossil.dodo"
"item.fossil.bone_unique_dryosaurus";"%s Tooth";"%s Zahn";"Keep the variable %s. It will be replaced with the translation of entity.fossil.dryosaurus"
"item.fossil.bone_unique_edaphosaurus";"%s Sail";"%s Segel";"Keep the variable %s. It will be replaced with the translation of entity.fossil.edaphosaurus"
"item.fossil.bone_unique_elasmotherium";"%s Horn";"%s Horn";"Keep the variable %s. It will be replaced with the translation of entity.fossil.elasmotherium"
"item.fossil.bone_unique_gallimimus";"%s Claws";"%s Klauen";"Keep the variable %s. It will be replaced with the translation of entity.fossil.gallimimus"
"item.fossil.bone_unique_gastornis";"%s Wing";"%s Flügel";"Keep the variable %s. It will be replaced with the translation of entity.fossil.gastornis"
"item.fossil.bone_unique_henodus";"%s Shell";"%s Panzer";"Keep the variable %s. It will be replaced with the translation of entity.fossil.henodus"
"item.fossil.bone_unique_ichthyosaurus";"%s Scleretic Ring";"%s Skleralring";"Keep the variable %s. It will be replaced with the translation of entity.fossil.ichthyosaurus"
"item.fossil.bone_unique_kelenken";"%s Wing";"%s Flügel";"Keep the variable %s. It will be replaced with the translation of entity.fossil.kelenken"
"item.fossil.bone_unique_liopleurodon";"%s Tooth";"%s Zahn";"Keep the variable %s. It will be replaced with the translation of entity.fossil.liopleurodon"
"item.fossil.bone_unique_mammoth";"%s Tusk";"%s Stoßzahn";"Keep the variable %s. It will be replaced with the translation of entity.fossil.mammoth"
"item.fossil.bone_unique_megalania";"%s Claw";"%s Klaue";"Keep the variable %s. It will be replaced with the translation of entity.fossil.megalania"
"item.fossil.bone_unique_megaloceros";"%s Antler";"%s Geweih";"Keep the variable %s. It will be replaced with the translation of entity.fossil.megaloceros"
"item.fossil.bone_unique_megalodon";"%s Tooth";"%s Zahn";"Keep the variable %s. It will be replaced with the translation of entity.fossil.megalodon"
"item.fossil.bone_unique_mosasaurus";"%s Tooth";"%s Zahn";"Keep the variable %s. It will be replaced with the translation of entity.fossil.mosasaurus"
"item.fossil.bone_unique_ornitholestes";"%s Claws";"%s Klauen";"Keep the variable %s. It will be replaced with the translation of entity.fossil.ornitholestes"
"item.fossil.bone_unique_pachycephalosaurus";"%s Tooth";"%s Zahn";"Keep the variable %s. It will be replaced with the translation of entity.fossil.pachycephalosaurus"
"item.fossil.bone_unique_pachyrhinosaurus";"%s Boss";"%s Boss";"Keep the variable %s. It will be replaced with the translation of entity.fossil.pachyrhinosaurus"
"item.fossil.bone_unique_parasaurolophus";"%s Hoof";"%s Huf";"Keep the variable %s. It will be replaced with the translation of entity.fossil.parasaurolophus"
"item.fossil.bone_unique_phorusrhacos";"%s Wing";"%s Flügel";"Keep the variable %s. It will be replaced with the translation of entity.fossil.phorusrhacos"
"item.fossil.bone_unique_platybelodon";"%s Tusk";"%s Stoßzahn";"Keep the variable %s. It will be replaced with the translation of entity.fossil.platybelodon"
"item.fossil.bone_unique_plesiosaurus";"%s Tooth";"%s Zahn";"Keep the variable %s. It will be replaced with the translation of entity.fossil.plesiosaurus"
"item.fossil.bone_unique_postosuchus";"%s Hand";"%s Hand";"Keep the variable %s. It will be replaced with the translation of entity.fossil.postosuchus"
"item.fossil.bone_unique_protoceratops";"%s Tooth";"%s Zahn";"Keep the variable %s. It will be replaced with the translation of entity.fossil.protoceratops"
"item.fossil.bone_unique_psittacosaurus";"%s Horn";"%s Horn";"Keep the variable %s. It will be replaced with the translation of entity.fossil.psittacosaurus"
"item.fossil.bone_unique_pteranodon";"%s Wing";"%s Flügel";"Keep the variable %s. It will be replaced with the translation of entity.fossil.pteranodon"
"item.fossil.bone_unique_quagga";"%s Tooth";"%s Zahn";"Keep the variable %s. It will be replaced with the translation of entity.fossil.quagga"
"item.fossil.bone_unique_quetzalcoatlus";"%s Wing";"%s Flügel";"Keep the variable %s. It will be replaced with the translation of entity.fossil.quetzalcoatlus"
"item.fossil.bone_unique_sarcosuchus";"%s Tooth";"%s Zahn";"Keep the variable %s. It will be replaced with the translation of entity.fossil.sarcosuchus"
"item.fossil.bone_unique_smilodon";"%s Fang";"%s Fangzahn";"Keep the variable %s. It will be replaced with the translation of entity.fossil.smilodon"
"item.fossil.bone_unique_spinosaurus";"%s Tooth";"%s Zahn";"Keep the variable %s. It will be replaced with the translation of entity.fossil.spinosaurus"
"item.fossil.bone_unique_stegosaurus";"%s Plates";"%s Platten";"Keep the variable %s. It will be replaced with the translation of entity.fossil.stegosaurus"
"item.fossil.bone_unique_therizinosaurus";"%s Claws";"%s Klauen";"Keep the variable %s. It will be replaced with the translation of entity.fossil.therizinosaurus"
"item.fossil.bone_unique_tiktaalik";"%s Fin";"%s Finne";"Keep the variable %s. It will be replaced with the translation of entity.fossil.tiktaalik"
"item.fossil.bone_unique_titanis";"%s Wing";"%s Flügel";"Keep the variable %s. It will be replaced with the translation of entity.fossil.titanis"
"item.fossil.bone_unique_triceratops";"%s Horn";"%s Horn";"Keep the variable %s. It will be replaced with the translation of entity.fossil.triceratops"
"item.fossil.bone_unique_tyrannosaurus";"%s Tooth";"%s Zahn";"Keep the variable %s. It will be replaced with the translation of entity.fossil.tyrannosaurus"
"item.fossil.bone_unique_velociraptor";"%s Claw";"%s Klaue";"Keep the variable %s. It will be replaced with the translation of entity.fossil.velociraptor"
"item.fossil.broken_helmet";"Broken Ancient Helmet";"Zerbrochener antiker Helm";""
"item.fossil.broken_sword";"Broken Ancient Sword";"Zerbrochenes antikes Schwert";""
"item.fossil.bucket_item_alligator_gar";"Bucket of Alligator Gar";"Alligatorhechteimer";""
"item.fossil.bucket_item_aquilolamna";"Bucket of Aquilolamna";"Aquilolamnaeimer";""
"item.fossil.bucket_item_coelacanth";"Bucket of Coelacanth";"Quastenflossereimer";""
"item.fossil.bucket_item_crassigyrinus";"Bucket of Crassigyrinus";"Crassigyrinuseimer";""
"item.fossil.bucket_item_dicranurus";"Bucket of Dicranurus";"Dicranuruseimer";""
"item.fossil.bucket_item_diplocaulus";"Bucket of Diplocaulus";"Diplocauluseimer";""
"item.fossil.bucket_item_henodus";"Bucket of Henodus";"Henoduseimer";""
"item.fossil.bucket_item_ichthyosaurus";"Bucket of Ichthyosaurus";"Ichthyosauruseimer";""
"item.fossil.bucket_item_lonchodomas";"Bucket of Lonchodomas";"Lonchodomaseimer";""
"item.fossil.bucket_item_megalograptus";"Bucket of Megalograptus";"Megalograptuseimer";""
"item.fossil.bucket_item_nautilus";"Bucket of Nautilus";"Nautiluseimer";""
"item.fossil.bucket_item_plesiosaurus";"Bucket of Plesiosaurus";"Plesiosauruseimer";""
"item.fossil.bucket_item_scotoharpes";"Bucket of Scotoharpes";"Scotoharpeseimer";""
"item.fossil.bucket_item_sturgeon";"Bucket of Sturgeon";"Störeneimer";""
"item.fossil.bucket_item_tiktaalik";"Bucket of Tiktaalik";"Tiktaalikeimer";""
"item.fossil.bucket_item_walliserops";"Bucket of Walliserops";"Walliseropseimer";""
"item.fossil.chicken_soup_raw";"Raw Chicken Soup";"Rohe Hühnchensuppe";""
"item.fossil.chicken_soup_cooked";"Cooked Chicken Soup";"Gekochte Hühnchensuppe";""
"item.fossil.cooked_egg";"Cooked Egg";"Gekochtes Ei";""
"item.fossil.cooked_nautilus";"Sio-Chiu-Le";"Sio-Chiu-Le";""
"item.fossil.dinopedia";"Dinopedia";"Dinopedia";""
"item.fossil.cooked_meat";"Cooked %s Meat";"Gekochtes %sfleisch";"Keep the variable %s. It will be replaced with the translated name of the mob"
"item.fossil.meat";"Raw %s Meat";"Rohes %sfleisch";"Keep the variable %s. It will be replaced with the translated name of the mob"
"item.fossil.dna";"%s DNA";"%s DNS";"Keep the variable %s. It will be replaced with the translated name of the mob"
"item.fossil.bird_egg";"%s Egg";"%s Ei";"Keep the variable %s. It will be replaced with the translated name of the mob"
"item.fossil.bird_egg_cultivated";"Cultivated %s Egg";"Kultiviertes %sei";"Keep the variable %s. It will be replaced with the translated name of the mob"
"item.fossil.egg";"%s Egg";"%sei";"Keep the variable %s. It will be replaced with the translated name of the mob"
"item.fossil.fish_egg";"%s Fish Egg";"%s Laiche";"Keep the variable %s. It will be replaced with the translated name of the mob"
"item.fossil.sac";"%s Sac";"%ssack";"Keep the variable %s. It will be replaced with the translated name of the mob"
"item.fossil.embryo";"%s Embryo";"%s Embryo";"Keep the variable %s. It will be replaced with the translated name of the mob"
"item.fossil.essence_chicken";"Chicken Essence";"Hühneressenz";""
"item.fossil.essence_chicken.desc";"Can age a prehistoric animal if it's not too hungry";"Lässt ein prähistorisches Tier altern, wenn es nicht zu hungrig ist";""
"item.fossil.essence_stunted";"Stunted Essence";"Verkümmerte Essenz";""
"item.fossil.essence_stunted.desc";"Stunts prehistoric animal growth";"Hemmt das Wachstum prähistorischer Tiere";""
"item.fossil.failuresaurus_flesh";"Failuresaurus Flesh";"Fehlersaurierfleisch";""
"item.fossil.fern_seed";"Ancient Fern Spores";"Antike Farnsporen";""
"item.fossil.fossil_bio";"Bio Fossil";"Biofossil";""
"item.fossil.fossil_plant";"Plant Fossil";"Pflanzenfossil";""
"item.fossil.fossil_shale";"Shale Fossil";"Schieferfossil";""
"item.fossil.fossil_tar";"Tar Fossil";"Teerfossil";""
"item.fossil.fossil_sapling_calamites";"Petrified Calamites Sapling";"Versteinerter Calamites Setzling";""
"item.fossil.fossil_sapling_cordaites";"Petrified Cordaites Sapling";"Versteinerter Cordaites Setzling";""
"item.fossil.fossil_sapling_palm";"Petrified Palm Sapling";"Versteinerter Palaeoraphe Setzling";""
"item.fossil.fossil_sapling_sigillaria";"Petrified Sigillaria Sapling";"Versteinerter Sigillaria Setzling";""
"item.fossil.fossil_sapling_tempskya";"Petrified Tempskya Sapling";"Versteinerter Tempskya Setzling";""
"item.fossil.fossil_seed_fern";"Fossilized Fern Spores";"Versteinerte Farnsporen";""
"item.fossil.fossil_seed_bennettitales";"Fossilized Bennettitales Seeds";"Versteinerter Bennettitales Samen";""
"item.fossil.fossil_seed_cephalotaxus";"Fossilized Cephalotaxus Seeds";"Versteinerter Cephalotaxus Samen";""
"item.fossil.fossil_seed_crataegus";"Fossilized Crataegus Seeds";"Versteinerter Crataegus Samen";""
"item.fossil.fossil_seed_cyathea";"Fossilized Cyathea Seeds";"Versteinerter Cyathea Samen";""
"item.fossil.fossil_seed_dictyophyllum";"Fossilized Dictyophyllum Seeds";"Versteinerter Dictyophyllum Samen";""
"item.fossil.fossil_seed_dillhoffia";"Fossilized Dillhoffia Seeds";"Versteinerter Dillhoffia Samen";""
"item.fossil.fossil_seed_dipteris";"Fossilized Dipteris Spores";"Versteinerte Dipteris Sporen";""
"item.fossil.fossil_seed_duisbergia";"Fossilized Duisbergia Spores";"Versteinerte Duisbergia Sporen";""
"item.fossil.fossil_seed_ephedra";"Fossilized Ephedra Seeds";"Versteinerter Ephedra Samen";""
"item.fossil.fossil_seed_florissantia";"Fossilized Florissantia Seeds";"Versteinerter Florissantia Samen";""
"item.fossil.fossil_seed_foozia";"Fossilized Foozia Spores";"Versteinerte Foozia Sporen";""
"item.fossil.fossil_seed_horsetail";"Fossilized Horsetail Seeds";"Versteinerte Schachtelhalm Samen";""
"item.fossil.fossil_seed_licopodiophyta";"Fossilized Licopodiophyta Seeds";"Versteinerte Archaeosigillaria Sporen";""
"item.fossil.fossil_seed_osmunda";"Fossilized Osmunda Spores";"Versteinerte Osmunda Sporen";""
"item.fossil.fossil_seed_sagenopteris";"Fossilized Sagenopteris Seeds";"Versteinerter Sagenopteris Samen";""
"item.fossil.fossil_seed_sarracenia";"Fossilized Sarracenia Seeds";"Versteinerter Sarracenia Samen";""
"item.fossil.fossil_seed_vaccinium";"Fossilized Vaccinium Seeds";"Versteinerter Vaccinium Samen";""
"item.fossil.fossil_seed_welwitschia";"Fossilized Welwitschia Seeds";"Versteinerter Welwitschia Samen";""
"item.fossil.fossil_seed_zamites";"Fossilized Zamites Seeds";"Versteinerter Zamites Samen";""
"item.fossil.seed_bennettitales";"Bennettitales Seeds";"Bennettitales Samen";""
"item.fossil.seed_cephalotaxus";"Cephalotaxus Seeds";"Cephalotaxus Samen";""
"item.fossil.seed_crataegus";"Crataegus Seeds";"Crataegus Samen";""
"item.fossil.seed_cyathea";"Cyathea Seeds";"Cyathea Samen";""
"item.fossil.seed_dictyophyllum";"Dictyophyllum Seeds";"Dictyophyllum Samen";""
"item.fossil.seed_dillhoffia";"Dillhoffia Seeds";"Dillhoffia Samen";""
"item.fossil.seed_dipteris";"Dipteris Spores";"Dipteris Sporen";""
"item.fossil.seed_duisbergia";"Duisbergia Spores";"Duisbergia Sporen";""
"item.fossil.seed_ephedra";"Ephedra Seeds";"Ephedra Samen";""
"item.fossil.seed_florissantia";"Florissantia Seeds";"Florissantia Samen";""
"item.fossil.seed_foozia";"Foozia Spores";"Foozia Sporen";""
"item.fossil.seed_horsetail";"Horsetail Seeds";"Schachtelhalm Sporen";""
"item.fossil.seed_licopodiophyta";"Licopodiophyta Seeds";"Archaeosigillaria Sporen";""
"item.fossil.seed_osmunda";"Osmunda Spores";"Osmunda Sporen";""
"item.fossil.seed_sagenopteris";"Sagenopteris Seeds";"Sagenopteris Samen";""
"item.fossil.seed_sarracenia";"Sarracenia Seeds";"Sarracenia Samen";""
"item.fossil.seed_vaccinium";"Vaccinium Seeds";"Vaccinium Samen";""
"item.fossil.seed_welwitschia";"Welwitschia Seeds";"Welwitschia Samen";""
"item.fossil.seed_zamites";"Zamites Seeds";"Zamites Samen";""
"item.fossil.frozen_meat";"Frozen Meat";"Gefrorenes Fleisch";""
"item.fossil.fur_elasmotherium";"Elasmotherium Fur";"Elasmotheriumfell";""
"item.fossil.fur_mammoth";"Mammoth Fur";"Mammutfell";""
"item.fossil.fur_therizinosaurus";"Therizinosaurus Down";"Therizinosaurusdaunen";""
"item.fossil.magic_conch";"Magic Conch";"Magische Muschelschale";""
"item.fossil.pottery_shard";"Pottery Shard";"Keramikscherbe";""
"item.fossil.music_disc_anu";"Music Disc";"Schallplatte";""
"item.fossil.music_disc_anu.desc";"Nanotyrano - Awakening";"Nanotyrano - Erwachen";""
"item.fossil.music_disc_bones";"Music Disc";"Schallplatte";""
"item.fossil.music_disc_bones.desc";"WhiteJoshMan - Bones";"WhiteJoshMan - Knochen";""
"item.fossil.music_disc_discovery";"Music Disc";"Schallplatte";""
"item.fossil.music_disc_discovery.desc";"Nanotyrano - Discovering the Past";"Nanotyrano - Entdeckung der Vergangenheit";""
"item.fossil.music_disc_scarab";"Music Disc";"Schallplatte";""
"item.fossil.music_disc_scarab.desc";"Nanotyrano - Legend of the Scarab";"Nanotyrano - Legende des Skarabäus";""
"item.fossil.relic_scrap";"Relic Scrap";"Reliktschrott";""
"item.fossil.scarab_axe";"Scarab Axe";"Skarabäusaxt";""
"item.fossil.scarab_gem";"Scarab Gem";"Skarabäus";""
"item.fossil.scarab_gem_aquatic";"Aquatic Scarab Gem";"Aquatischer Skarabäus";""
"item.fossil.scarab_hoe";"Scarab Hoe";"Skarabäushacke";""
"item.fossil.scarab_pickaxe";"Scarab Pickaxe";"Skarabäusspitzhacke";""
"item.fossil.scarab_shovel";"Scarab Shovel";"Skarabäusschaufel";""
"item.fossil.scarab_sword";"Scarab Sword";"Skarabäusschwert";""
"item.fossil.spawn_egg_tar_slime";"Tar Slime Spawn Egg";"Teerschleim-Spawn-Ei";""
"item.fossil.spawn_egg_anu_boss";"Anu Boss Spawn Egg";"Anu-Spawn-Ei";""
"item.fossil.spawn_egg_sentry_piglin";"Sentry Piglin Spawn Egg";"Wächter-Piglin-Spawn-Ei";""
"item.fossil.spawn_egg_failuresaurus";"Failuresaurus Spawn Egg";"Fehlersaurier-Spawn-Ei";""
"item.fossil.spawn_egg_generic";"%s Spawn Egg";"%s-Spawn-Ei";"Keep the variable %s. It will be replaced with the translated name of the mob"
"item.fossil.skull_stick";"Skull Stick";"Totenkopf-Stock";""
"item.fossil.stone_tablet";"Stone Tablet";"Steintafel";""
"item.fossil.tar_bucket";"Tar Bucket";"Teereimer";""
"item.fossil.tar_drop";"Tar Drop";"Teertropfen";""
"item.fossil.tooth_dagger";"Tooth Dagger";"Zahndolch";""
"item.fossil.toy_ball_white";"White Toy Ball";"Weißer Ball";""
"item.fossil.toy_ball_orange";"Orange Toy Ball";"Oranger Ball";""
"item.fossil.toy_ball_magenta";"Magenta Toy Ball";"Magenta Ball";""
"item.fossil.toy_ball_light_blue";"Light Blue Toy Ball";"Hellblauer Ball";""
"item.fossil.toy_ball_yellow";"Yellow Toy Ball";"Gelber Ball";""
"item.fossil.toy_ball_lime";"Lime Toy Ball";"Hellgrüner Ball";""
"item.fossil.toy_ball_pink";"Pink Toy Ball";"Rosa Ball";""
"item.fossil.toy_ball_gray";"Gray Toy Ball";"Grauer Ball";""
"item.fossil.toy_ball_light_gray";"Light Gray Toy Ball";"Hellgrauer Ball";""
"item.fossil.toy_ball_cyan";"Cyan Toy Ball";"Türkiser Ball";""
"item.fossil.toy_ball_purple";"Purple Toy Ball";"Violetter Ball";""
"item.fossil.toy_ball_blue";"Blue Toy Ball";"Blauer Ball";""
"item.fossil.toy_ball_brown";"Brown Toy Ball";"Brauner Ball";""
"item.fossil.toy_ball_green";"Green Toy Ball";"Grüner Ball";""
"item.fossil.toy_ball_red";"Red Toy Ball";"Roter Ball";""
"item.fossil.toy_ball_black";"Black Toy Ball";"Schwarzer Ball";""
"item.fossil.toy_scratching_post_acacia";"Acacia Scratching Post";"Akazienkratzbaum";""
"item.fossil.toy_scratching_post_birch";"Birch Scratching Post";"Birkenkratzbaum";""
"item.fossil.toy_scratching_post_crimson";"Crimson Scratching Post";"Karmesinkratzbaum";""
"item.fossil.toy_scratching_post_dark_oak";"Dark Oak Scratching Post";"Schwarzeichenkratzbaum";""
"item.fossil.toy_scratching_post_jungle";"Jungle Scratching Post";"Tropenkratzbaum";""
"item.fossil.toy_scratching_post_oak";"Oak Scratching Post";"Kratzbaum";""
"item.fossil.toy_scratching_post_spruce";"Spruce Scratching Post";"Fichtenkratzbaum";""
"item.fossil.toy_scratching_post_warped";"Warped Scratching Post";"Wirrkratzbaum";""
"item.fossil.toy_tethered_log_acacia";"Acacia Tethered Log";"Akazienholz am Seil";""
"item.fossil.toy_tethered_log_birch";"Birch Tethered Log";"Birkenholz am Seil";""
"item.fossil.toy_tethered_log_crimson";"Crimson Tethered Log";"Karmesinholz am Seil";""
"item.fossil.toy_tethered_log_dark_oak";"Dark Oak Tethered Log";"Schwarzeichenholz am Seil";""
"item.fossil.toy_tethered_log_jungle";"Jungle Tethered Log";"Tropenholz am Seil";""
"item.fossil.toy_tethered_log_oak";"Oak Tethered Log";"Holz mit Seil";""
"item.fossil.toy_tethered_log_spruce";"Spruce Tethered Log";"Fichtenholz am Seil";""
"item.fossil.toy_tethered_log_warped";"Warped Tethered Log";"Wirrholz am Seil";""
"item.fossil.whip";"Whip";"Peitsche";""
"item.fossil.ancient_javelin";"Ancient Javelin";"Antiker Speer";""
"item.fossil.diamond_javelin";"Diamond Javelin";"Diamantspeer";""
"item.fossil.gold_javelin";"Gold Javelin";"Goldspeer";""
"item.fossil.iron_javelin";"Iron Javelin";"Eisenspeer";""
"item.fossil.stone_javelin";"Stone Javelin";"Steinspeer";""
"item.fossil.wooden_javelin";"Wooden Javelin";"Holzspeer";""
"item.fossil.laser_pointer";"Laser Pointer";"Laserpointer";""
"block.fossil.large_chain_fence";"Large Chain Fence";"Großer Kettenzaun";""
"block.fossil.small_chain_fence";"Small Chain Fence";"Kleiner Kettenzaun";""
"block.fossil.amber_block";"Amber Block";"Bernsteinblock";""
"block.fossil.amber_chunk";"Amber Chunk";"Bernsteinbrocken";""
"block.fossil.amber_chunk_dominican";"Dominican Amber Chunk";"Dominikanischer Bernsteinbrocken";""
"block.fossil.amber_chunk_mosquito";"Mosquito Amber Chunk";"Bernsteinbrocken mit Mücke";""
"block.fossil.amber_ore";"Amber Ore";"Bernsteinerz";""
"block.fossil.analyzer";"Analyzer";"Analysator";""
"block.fossil.ancient_chest";"Ancient Chest";"Antike Schatztruhe";""
"block.fossil.ancient_glass";"Ancient Glass";"Antikes Glas";""
"block.fossil.ancient_stone";"Ancient Stone";"Antiker Stein";""
"block.fossil.ancient_stone_bricks";"Ancient Stone Bricks";"Antiker Steinziegel";""
"block.fossil.ancient_stone_slab";"Ancient Stone Slab";"Antike Steinstufe";""
"block.fossil.ancient_stone_stairs";"Ancient Stone Stairs";"Antike Steintreppe";""
"block.fossil.ancient_stone_wall";"Ancient Stone Wall";"Antike Steinmauer";""
"block.fossil.ancient_wood_planks";"Ancient Wood Planks";"Antikes Holz";""
"block.fossil.ancient_wood_log";"Ancient Wood Log";"Antike Holzstamm";""
"block.fossil.ancient_wood_slab";"Ancient Wood Slab";"Antike Holzstufe";""
"block.fossil.ancient_wood_stairs";"Ancient Wood Stairs";"Antike Holztreppe";""
"block.fossil.anu_statue";"Anu Statue";"Anu Totem";""
"block.fossil.anubite_statue";"Anubite Statue";"Anubitstatue";""
"block.fossil.bubble_blower";"Bubble Blower";"Seifenblasenmaschine";""
"block.fossil.calamites_button";"Calamites Button";"Calamitesknopf";""
"block.fossil.calamites_door";"Calamites Door";"Calamitestür";""
"block.fossil.calamites_fence";"Calamites Fence";"Calamiteszaun";""
"block.fossil.calamites_fence_gate";"Calamites Fence Gate";"Calamiteszauntor";""
"block.fossil.calamites_leaves";"Calamites Leaves";"Calamiteslaub";""
"block.fossil.calamites_log";"Calamites Log";"Calamitesholz";""
"block.fossil.calamites_planks";"Calamites Wood Planks";"Calamitesbretter";""
"block.fossil.calamites_pressure_plate";"Calamites Pressure Plate";"Calamitesdruckplatte";""
"block.fossil.calamites_sapling";"Calamites Sapling";"Calamitessetzling";""
"block.fossil.calamites_slab";"Calamites Wood Slab";"Calamitesstufe";""
"block.fossil.calamites_stairs";"Calamites Wood Stairs";"Calamitestreppe";""
"block.fossil.calamites_trapdoor";"Calamites Trapdoor";"Calamitesfalltür";""
"block.fossil.calamites_wood";"Calamites Wood";"Calamitesholz";""
"block.fossil.cordaites_button";"Cordaites Button";"Cordaitesknopf";""
"block.fossil.cordaites_door";"Cordaites Door";"Cordaitesholztür";""
"block.fossil.cordaites_fence";"Cordaites Fence";"Cordaiteszaun";""
"block.fossil.cordaites_fence_gate";"Cordaites Fence Gate";"Cordaiteszauntor";""
"block.fossil.cordaites_leaves";"Cordaites Leaves";"Cordaiteslaub";""
"block.fossil.cordaites_log";"Cordaites Log";"Cordaitesstamm";""
"block.fossil.cordaites_planks";"Cordaites Wood Planks";"Cordaitesholzbretter";""
"block.fossil.cordaites_pressure_plate";"Cordaites Pressure Plate";"Cordaitesdruckplatte";""
"block.fossil.cordaites_sapling";"Cordaites Sapling";"Cordaitessetzling";""
"block.fossil.cordaites_slab";"Cordaites Wood Slab";"Cordaitesholzstufe";""
"block.fossil.cordaites_stairs";"Cordaites Wood Stairs";"Cordaitesholztreppe";""
"block.fossil.cordaites_trapdoor";"Cordaites Trapdoor";"Cordaitesholzfalltür";""
"block.fossil.cordaites_wood";"Cordaites Wood";"Cordaitesholz";""
"block.fossil.mutant_tree_button";"Mutant Tree Button";"Mutantenbaumknopf";""
"block.fossil.mutant_tree_door";"Mutant Tree Door";"Mutantenbaumtür";""
"block.fossil.mutant_tree_fence";"Mutant Tree Fence";"Mutantenbaumzaun";""
"block.fossil.mutant_tree_fence_gate";"Mutant Tree Fence Gate";"Mutantenbaumzauntür";""
"block.fossil.mutant_tree_leaves";"Mutant Tree Leaves";"Mutantenbaumlaub";""
"block.fossil.mutant_tree_log";"Mutant Tree Log";"Mutantenbaumstamm";""
"block.fossil.mutant_tree_planks";"Mutant Tree Wood Planks";"Mutantenbaumplanken";""
"block.fossil.mutant_tree_pressure_plate";"Mutant Tree Pressure Plate";"Mutantenbaumdruckplatte";""
"block.fossil.mutant_tree_sapling";"Mutant Tree Sapling";"Mutantenbaumsetzling";""
"block.fossil.mutant_tree_slab";"Mutant Tree Wood Slab";"Mutantenbaumstufe";""
"block.fossil.mutant_tree_stairs";"Mutant Tree Wood Stairs";"Mutantenbaumtreppe";""
"block.fossil.mutant_tree_trapdoor";"Mutant Tree Trapdoor";"Mutantenbaumfalltür";""
"block.fossil.mutant_tree_wood";"Mutant Tree Wood";"Mutantenbaumholz";""
"block.fossil.mutant_tree_vine";"Mutant Tree Vines";"Mutantenbaumranken";""
"block.fossil.palm_button";"Palm Button";"Palaeorapheknopf";""
"block.fossil.palm_door";"Palm Door";"Palaeoraphetür";""
"block.fossil.palm_fence";"Palm Fence";"Palaeoraphezaun";""
"block.fossil.palm_fence_gate";"Palm Fence Gate";"Palaeoraphezauntor";""
"block.fossil.palm_leaves";"Palm Leaves";"Palaeoraphelaub";""
"block.fossil.palm_log";"Palm Log";"Palaeorapheholz";""
"block.fossil.palm_planks";"Palm Wood Planks";"Palaeoraphebretter";""
"block.fossil.palm_pressure_plate";"Palm Pressure Plate";"Palaeoraphedruckplatte";""
"block.fossil.palm_sapling";"Palm Sapling";"Palaeoraphesetzling";""
"block.fossil.palm_slab";"Palm Wood Slab";"Palaeoraphestufe";""
"block.fossil.palm_stairs";"Palm Wood Stairs";"Paleoraphetreppe";""
"block.fossil.palm_trapdoor";"Palm Trapdoor";"Palaeoraphefalltür";""
"block.fossil.palm_wood";"Palm Wood";"Palaeorapheholz";""
"block.fossil.sigillaria_button";"Sigillaria Button";"Sigillariaknopf";""
"block.fossil.sigillaria_door";"Sigillaria Door";"Sigillariaholztür";""
"block.fossil.sigillaria_fence";"Sigillaria Fence";"Sigillariazaun";""
"block.fossil.sigillaria_fence_gate";"Sigillaria Fence Gate";"Sigillariazauntor";""
"block.fossil.sigillaria_leaves";"Sigillaria Leaves";"Sigillarialaub";""
"block.fossil.sigillaria_log";"Sigillaria Log";"Sigillariastamm";""
"block.fossil.sigillaria_planks";"Sigillaria Wood Planks";"Sigillariaholzbretter";""
"block.fossil.sigillaria_pressure_plate";"Sigillaria Pressure Plate";"Sigillariadruckplatte";""
"block.fossil.sigillaria_sapling";"Sigillaria Sapling";"Sigillariasetzling";""
"block.fossil.sigillaria_slab";"Sigillaria Wood Slab";"Sigillariaholzstufe";""
"block.fossil.sigillaria_stairs";"Sigillaria Wood Stairs";"Sigillariaholztreppe";""
"block.fossil.sigillaria_trapdoor";"Sigillaria Trapdoor";"Sigillariaholzfalltür";""
"block.fossil.sigillaria_wood";"Sigillaria Wood";"Sigillariaholz";""
"block.fossil.shell";"Shell";"Muschel";""
"block.fossil.tempskya_button";"Tempskya Button";"Tempskyaknopf";""
"block.fossil.tempskya_door";"Tempskya Door";"Tempskyaholztür";""
"block.fossil.tempskya_fence";"Tempskya Fence";"Tempskyazaun";""
"block.fossil.tempskya_fence_gate";"Tempskya Fence Gate";"Tempskyazauntor";""
"block.fossil.tempskya_log";"Tempskya Log";"Tempskyastamm";""
"block.fossil.tempskya_planks";"Tempskya Wood Planks";"Tempskyaholzbretter";""
"block.fossil.tempskya_pressure_plate";"Tempskya Pressure Plate";"Tempskyadruckplatte";""
"block.fossil.tempskya_sapling";"Tempskya Sapling";"Tempskyasetzling";""
"block.fossil.tempskya_slab";"Tempskya Wood Slab";"Tempskyaholzstufe";""
"block.fossil.tempskya_stairs";"Tempskya Wood Stairs";"Tempskyaholztreppe";""
"block.fossil.tempskya_trapdoor";"Tempskya Trapdoor";"Tempskyaholzfalltür";""
"block.fossil.tempskya_wood";"Tempskya Wood";"Tempskyaholz";""
"block.fossil.tempskya_top";"Tempskya Top";"Tempskyaspitze";""
"block.fossil.tempskya_leaf";"Tempskya Leaves";"Tempskyalaub";""
"block.fossil.stripped_calamites_log";"Stripped Calamites Log";"Entrindeter Calamitesstamm";""
"block.fossil.stripped_calamites_wood";"Stripped Calamites Wood";"Entrindetes Calamitesholz";""
"block.fossil.stripped_cordaites_log";"Stripped Cordaites Log";"Entrindeter Cordaitesstamm";""
"block.fossil.stripped_cordaites_wood";"Stripped Cordaites Wood";"Entrindetes Cordaitesholz";""
"block.fossil.stripped_mutant_tree_log";"Stripped Mutant Tree Log";"Entrindeter Mutantenbaumstamm";""
"block.fossil.stripped_mutant_tree_wood";"Stripped Mutant Tree Wood";"Entrindetes Mutantenbaumholz";""
"block.fossil.stripped_palm_log";"Stripped Palm Log";"Entrindeter Palmstamm";""
"block.fossil.stripped_palm_wood";"Stripped Palm Wood";"Entrindetes Palmholz";""
"block.fossil.stripped_sigillaria_log";"Stripped Sigillaria Log";"Entrindeter Sigillariastamm";""
"block.fossil.stripped_sigillaria_wood";"Stripped Sigillaria Wood";"Entrindetes Sigillariaholz";""
"block.fossil.stripped_tempskya_log";"Stripped Tempskya Log";"Entrindeter Tempskyastamm";""
"block.fossil.stripped_tempskya_wood";"Stripped Tempskya Wood";"Entrindetes Tempskyaholz";""
"block.fossil.comfy_bed";"Comfy Bed";"Bequemes Bett";""
"block.fossil.culture_vat";"Culture Vat";"Kultivierungsbehälter";""
"block.fossil.dense_sand";"Dense Sand";"Dichter Sand";""
"block.fossil.drum";"Drum";"Trommel";""
"block.fossil.fake_obsidian";"Fake Obsidian";"Falscher Obsidian";""
"block.fossil.feeder";"Feeder";"Fütterer";""
"block.fossil.figurine_anu_destroyed";"Destroyed Anu Figurine";"Zerbrochene Anufigur";""
"block.fossil.figurine_anu_restored";"Restored Anu Figurine";"Restaurierte Anufigur";""
"block.fossil.figurine_anu_pristine";"Pristine Anu Figurine";"Makellose Anufigur";""
"block.fossil.figurine_enderman_destroyed";"Destroyed Enderman Figurine";"Zerbrochene Endermanfigur";""
"block.fossil.figurine_enderman_restored";"Restored Enderman Figurine";"Restaurierte Endermanfigur";""
"block.fossil.figurine_enderman_pristine";"Pristine Enderman Figurine";"Makellose Endermanfigur";""
"block.fossil.figurine_piglin_destroyed";"Destroyed Piglin Figurine";"Zerbrochene Piglinfigur";""
"block.fossil.figurine_piglin_restored";"Restored Piglin Figurine";"Restaurierte Piglinfigur";""
"block.fossil.figurine_piglin_pristine";"Pristine Piglin Figurine";"Makellose Piglinfigur";""
"block.fossil.figurine_skeleton_destroyed";"Destroyed Skeleton Figurine";"Zerbrochene Skelettfigur";""
"block.fossil.figurine_skeleton_restored";"Restored Skeleton Figurine";"Restaurierte Skelettfigur";""
"block.fossil.figurine_skeleton_pristine";"Pristine Skeleton Figurine";"Makellose Skelettfigur";""
"block.fossil.figurine_steve_destroyed";"Destroyed Steve Figurine";"Zerbrochene Stevefigur";""
"block.fossil.figurine_steve_restored";"Restored Steve Figurine";"Restaurierte Stevefigur";""
"block.fossil.figurine_steve_pristine";"Pristine Steve Figurine";"Makellose Stevefigur";""
"block.fossil.figurine_zombie_destroyed";"Destroyed Zombie Figurine";"Zerbrochene Zombiefigur";""
"block.fossil.figurine_zombie_restored";"Restored Zombie Figurine";"Restaurierte Zombiefigur";""
"block.fossil.figurine_zombie_pristine";"Pristine Zombie Figurine";"Makellose Zombiefigur";""
"block.fossil.fossil_calcite";"Calcite Fossil Block";"Kalzitfossil";""
"block.fossil.fossil_deepslate";"Deepslate Fossil Block";"Tiefenschieferfossil";""
"block.fossil.fossil_dripstone";"Dripstone Fossil Block";"Tropfsteinfossil";""
"block.fossil.fossil_red_sandstone";"Red Sandstone Fossil Block";"Rotes Sandsteinfossil";""
"block.fossil.fossil_sandstone";"Sandstone Fossil Block";"Sandsteinfossil";""
"block.fossil.fossil_stone";"Stone Fossil Block";"Steinfossil";""
"block.fossil.fossil_tuff";"Tuff Fossil Block";"Tuffsteinfossil";""
"block.fossil.home_portal";"Overworld Portal";"Oberwelt Portal";""
"block.fossil.anu_portal";"Mysterious Lair Portal";"Mysteriöses Höllenportal";""
"block.fossil.iced_dirt";"Iced Dirt";"Vereiste Erde";""
"block.fossil.obsidian_spikes";"Obsidian Spikes";"Obsidian Stacheln";""
"block.fossil.permafrost_block";"Permafrost Block";"Permafrostblock";""
"block.fossil.reinforced_glass";"Reinforced Glass";"Verstärktes Glas";""
"block.fossil.sarcophagus";"Sarcophagus";"Geheimnisvoller Sarkophag";""
"block.fossil.skull";"Skull Block";"Schädelblock";""
"block.fossil.skull_lantern";"Skull Lantern";"Schädellanterne";""
"block.fossil.sifter";"Sifter";"Sieb";""
"block.fossil.slime_trail";"Slime Trail";"Fehlersaurier-Spur";""
"block.fossil.tar";"Tar";"Teer";""
"block.fossil.tarred_dirt";"Tarred Dirt";"Geteerte Erde";""
"block.fossil.worktable";"Archeology Workbench";"Archäologen-Werkbank";""
"block.fossil.vase_amphora_white";"White Amphora";"Weiße Amphore";""
"block.fossil.vase_amphora_orange";"Orange Amphora";"Orange Amphore";""
"block.fossil.vase_amphora_magenta";"Magenta Amphora";"Magenta Amphore";""
"block.fossil.vase_amphora_light_blue";"Light Blue Amphora";"Hellblaue Amphore";""
"block.fossil.vase_amphora_yellow";"Yellow Amphora";"Gelbe Amphore";""
"block.fossil.vase_amphora_lime";"Lime Amphora";"Hellgrüne Amphore";""
"block.fossil.vase_amphora_pink";"Pink Amphora";"Rosa Amphore";""
"block.fossil.vase_amphora_gray";"Gray Amphora";"Graue Amphore";""
"block.fossil.vase_amphora_light_gray";"Light Gray Amphora";"Hellgraue Amphore";""
"block.fossil.vase_amphora_cyan";"Cyan Amphora";"Türkise Amphore";""
"block.fossil.vase_amphora_purple";"Purple Amphora";"Violette Amphore";""
"block.fossil.vase_amphora_blue";"Blue Amphora";"Blaue Amphore";""
"block.fossil.vase_amphora_brown";"Brown Amphora";"Braune Amphore";""
"block.fossil.vase_amphora_green";"Green Amphora";"Grüne Amphore";""
"block.fossil.vase_amphora_red";"Red Amphora";"Rote Amphore";""
"block.fossil.vase_amphora_black";"Black Amphora";"Schwarze Amphore";""
"block.fossil.vase_amphora_damaged";"Damaged Amphora";"Zerbrochene Amphore";""
"block.fossil.vase_amphora_restored";"Restored Amphora";"Restaurierte Amphore";""
"block.fossil.vase_kylix_white";"White Kylix";"Weiße Kylix";""
"block.fossil.vase_kylix_orange";"Orange Kylix";"Orange Kylix";""
"block.fossil.vase_kylix_magenta";"Magenta Kylix";"Magenta Kylix";""
"block.fossil.vase_kylix_light_blue";"Light Blue Kylix";"Hellblaue Kylix";""
"block.fossil.vase_kylix_yellow";"Yellow Kylix";"Gelbe Kylix";""
"block.fossil.vase_kylix_lime";"Lime Kylix";"Hellgrüne Kylix";""
"block.fossil.vase_kylix_pink";"Pink Kylix";"Rosa Kylix";""
"block.fossil.vase_kylix_gray";"Gray Kylix";"Graue Kylix";""
"block.fossil.vase_kylix_light_gray";"Light Gray Kylix";"Hellgraue Kylix";""
"block.fossil.vase_kylix_cyan";"Cyan Kylix";"Türkise Kylix";""
"block.fossil.vase_kylix_purple";"Purple Kylix";"Violette Kylix";""
"block.fossil.vase_kylix_blue";"Blue Kylix";"Blaue Kylix";""
"block.fossil.vase_kylix_brown";"Brown Kylix";"Braune Kylix";""
"block.fossil.vase_kylix_green";"Green Kylix";"Grüne Kylix";""
"block.fossil.vase_kylix_red";"Red Kylix";"Rote Kylix";""
"block.fossil.vase_kylix_black";"Black Kylix";"Schwarze Kylix";""
"block.fossil.vase_kylix_damaged";"Damaged Kylix";"Zerbrochene Kylix";""
"block.fossil.vase_kylix_restored";"Restored Kylix";"Restaurierte Kylix";""
"block.fossil.vase_volute_white";"White Volute";"Weiße Volute";""
"block.fossil.vase_volute_orange";"Orange Volute";"Orange Volute";""
"block.fossil.vase_volute_magenta";"Magenta Volute";"Magenta Volute";""
"block.fossil.vase_volute_light_blue";"Light Blue Volute";"Hellblaue Volute";""
"block.fossil.vase_volute_yellow";"Yellow Volute";"Gelbe Volute";""
"block.fossil.vase_volute_lime";"Lime Volute";"Hellgrüne Volute";""
"block.fossil.vase_volute_pink";"Pink Volute";"Rosa Volute";""
"block.fossil.vase_volute_gray";"Gray Volute";"Graue Volute";""
"block.fossil.vase_volute_light_gray";"Light Gray Volute";"Hellgraue Volute";""
"block.fossil.vase_volute_cyan";"Cyan Volute";"Türkise Volute";""
"block.fossil.vase_volute_purple";"Purple Volute";"Violette Volute";""
"block.fossil.vase_volute_blue";"Blue Volute";"Blaue Volute";""
"block.fossil.vase_volute_brown";"Brown Volute";"Braune Volute";""
"block.fossil.vase_volute_green";"Green Volute";"Grüne Volute";""
"block.fossil.vase_volute_red";"Red Volute";"Rote Volute";""
"block.fossil.vase_volute_black";"Black Volute";"Schwarze Volute";""
"block.fossil.vase_volute_damaged";"Damaged Volute";"Zerbrochene Volute";""
"block.fossil.vase_volute_restored";"Restored Volute";"Restaurierte Volute";""
"block.fossil.volcanic_ash";"Volcanic Ash";"Vulkanische Asche";""
"block.fossil.volcanic_rock";"Volcanic Rock";"Vulkanischer Felsen";""
"block.fossil.volcanic_bricks";"Volcanic Bricks";"Vulkanischer Ziegel";""
"block.fossil.volcanic_brick_slab";"Volcanic Slab";"Vulkanische Stufe";""
"block.fossil.volcanic_brick_stairs";"Volcanic Stairs";"Vulkanische Treppe";""
"block.fossil.volcanic_brick_wall";"Volcanic Wall";"Vulkanische Mauer";""
"block.fossil.volcanic_tiles";"Volcanic Tiles";"Vulkanische Fliesen";""
"block.fossil.volcanic_tile_slab";"Volcanic Slab";"Vulkanische Fliesenstufe";""
"block.fossil.volcanic_tile_stairs";"Volcanic Stairs";"Vulkanische Fliesentreppe";""
"block.fossil.volcanic_tile_wall";"Volcanic Wall";"Vulkanische Fliesenmauer";""
"block.fossil.bennettitales_large";"Large Bennettitales";"Hohe Bennettitales";""
"block.fossil.bennettitales_small";"Small Bennettitales";"Kleine Bennettitales";""
"block.fossil.cephalotaxus";"Cephalotaxus";"Cephalotaxus";""
"block.fossil.crataegus";"Crataegus";"Crataegus";""
"block.fossil.cyathea";"Cyathea";"Cyathea";""
"block.fossil.dictyophyllum";"Dictyophyllum";"Dictyophyllum";""
"block.fossil.dillhoffia";"Dillhoffia";"Dillhoffia";""
"block.fossil.dipteris";"Dipteris";"Dipteris";""
"block.fossil.duisbergia";"Duisbergia";"Duisbergia";""
"block.fossil.ephedra";"Ephedra";"Ephedra";""
"block.fossil.florissantia";"Florissantia";"Florissantia";""
"block.fossil.foozia";"Foozia";"Foozia";""
"block.fossil.horsetail_large";"Large Horsetail";"Hoher Schachtelhalm";""
"block.fossil.horsetail_small";"Small Horsetail";"Schachtelhalm";""
"block.fossil.licopodiophyta";"Licopodiophyta";"Licopodiophyta";""
"block.fossil.mutant_plant";"Mutant Plant";"Mutanten Pflanze";""
"block.fossil.osmunda";"Osmunda";"Osmunda";""
"block.fossil.sagenopteris";"Sagenopteris";"Sagenopteris";""
"block.fossil.sarracenia";"Sarracenia";"Sarracenia";""
"block.fossil.vaccinium";"Vaccinium";"Vaccinium";""
"block.fossil.welwitschia";"Welwitschia";"Welwitschia";""
"block.fossil.zamites";"Zamites";"Zamiten";""
"block.fossil.plant_ferns";"Prehistoric Ferns";"Prehistorischer Farn";""
"effect.fossil.comfy_bed";"Scent Of The Wild";"Duft der Wildnis";""
"enchantment.fossil.archeology";"Archeology";"Archäologie";""
"enchantment.fossil.archeology.desc";"Increases the likelihood of getting archeology related items (especially relic scrap and scarab gems)";"Erhöht die Wahrscheinlichkeit, archäologiebezogene Gegenstände zu erhalten (insbesondere Reliktschrott und Skarabäen)";""
"enchantment.fossil.paleontology";"Paleontology";"Paläontologie";""
"enchantment.fossil.paleontology.desc";"Increases the likelihood of getting paleontology related items (especially fossils)";"Erhöht die Wahrscheinlichkeit, paläontologische Gegenstände zu erhalten (insbesondere Fossilien)";""
"entity.minecraft.villager.fossil.paleontologist";"Paleontologist";"Paläontologe";""
"entity.minecraft.villager.fossil.archeologist";"Archeologist";"Archäologe";""
"entity.minecraft.villager.paleontologist";"Paleontologist";"Paläontologe";""
"entity.minecraft.villager.archeologist";"Archeologist";"Archäologe";""
"entity.fossil.laser_point";"Laser Dot";"Laserpunkt";""
"entity.fossil.alligator_gar";"Alligator Gar";"Alligatorhecht";""
"entity.fossil.allosaurus";"Allosaurus";"Allosaurus";""
"entity.fossil.ankylosaurus";"Ankylosaurus";"Ankylosaurus";""
"entity.fossil.aquilolamna";"Aquilolamna";"Aquilolamna";""
"entity.fossil.arthropleura";"Arthropleura";"Arthropleura";""
"entity.fossil.brachiosaurus";"Brachiosaurus";"Brachiosaurus";""
"entity.fossil.ceratosaurus";"Ceratosaurus";"Ceratosaurus";""
"entity.fossil.citipati";"Citipati";"Citipati";""
"entity.fossil.coelacanth";"Coelacanth";"Quastenflosser";""
"entity.fossil.compsognathus";"Compsognathus";"Compsognathus";""
"entity.fossil.confuciusornis";"Confuciusornis";"Confuciusornis";""
"entity.fossil.crassigyrinus";"Crassigyrinus";"Crassigyrinus";""
"entity.fossil.deinonychus";"Deinonychus";"Deinonychus";""
"entity.fossil.dimetrodon";"Dimetrodon";"Dimetrodon";""
"entity.fossil.dimorphodon";"Dimorphodon";"Dimorphodon";""
"entity.fossil.dilophosaurus";"Dilophosaurus";"Dilophosaurus";""
"entity.fossil.diplocaulus";"Diplocaulus";"Diplocaulus";""
"entity.fossil.diplodocus";"Diplodocus";"Diplodocus";""
"entity.fossil.dodo";"Dodo";"Dodo";""
"entity.fossil.dryosaurus";"Dryosaurus";"Dryosaurus";""
"entity.fossil.edaphosaurus";"Edaphosaurus";"Edaphosaurus";""
"entity.fossil.elasmotherium";"Elasmotherium";"Elasmotherium";""
"entity.fossil.gallimimus";"Gallimimus";"Gallimimus";""
"entity.fossil.gastornis";"Gastornis";"Gastornis";""
"entity.fossil.henodus";"Henodus";"Henodus";""
"entity.fossil.ichthyosaurus";"Ichthyosaurus";"Ichthyosaurus";""
"entity.fossil.kelenken";"Kelenken";"Kelenken";""
"entity.fossil.liopleurodon";"Liopleurodon";"Liopleurodon";""
"entity.fossil.mammoth";"Mammoth";"Mammut";""
"entity.fossil.megalania";"Megalania";"Megalania";""
"entity.fossil.megaloceros";"Megaloceros";"Megaloceros";""
"entity.fossil.megalodon";"Megalodon";"Megalodon";""
"entity.fossil.megalograptus";"Megalograptus";"Megalograptus";""
"entity.fossil.meganeura";"Meganeura";"Meganeura";""
"entity.fossil.mosasaurus";"Mosasaurus";"Mosasaurus";""
"entity.fossil.nautilus";"Nautilus";"Nautilus";""
"entity.fossil.ornitholestes";"Ornitholestes";"Ornitholestes";""
"entity.fossil.pachycephalosaurus";"Pachycephalosaurus";"Pachycephalosaurus";""
"entity.fossil.pachyrhinosaurus";"Pachyrhinosaurus";"Pachyrhinosaurus";""
"entity.fossil.parasaurolophus";"Parasaurolophus";"Parasaurolophus";""
"entity.fossil.phorusrhacos";"Phorusrhacos";"Phorusrhacos";""
"entity.fossil.platybelodon";"Platybelodon";"Platybelodon";""
"entity.fossil.plesiosaurus";"Plesiosaurus";"Plesiosaurus";""
"entity.fossil.postosuchus";"Postosuchus";"Postosuchus";""
"entity.fossil.protoceratops";"Protoceratops";"Protoceratops";""
"entity.fossil.psittacosaurus";"Psittacosaurus";"Psittacosaurus";""
"entity.fossil.pteranodon";"Pteranodon";"Pteranodon";""
"entity.fossil.quagga";"Quagga";"Quagga";""
"entity.fossil.quetzalcoatlus";"Quetzalcoatlus";"Quetzalcoatlus";""
"entity.fossil.sarcosuchus";"Sarcosuchus";"Sarcosuchus";""
"entity.fossil.smilodon";"Smilodon";"Säbelzahntiger";""
"entity.fossil.spinosaurus";"Spinosaurus";"Spinosaurus";""
"entity.fossil.stegosaurus";"Stegosaurus";"Stegosaurus";""
"entity.fossil.sturgeon";"Sturgeon";"Stör";""
"entity.fossil.therizinosaurus";"Therizinosaurus";"Therizinosaurus";""
"entity.fossil.tiktaalik";"Tiktaalik";"Tiktaalik";""
"entity.fossil.titanis";"Titanis";"Titanis";""
"entity.fossil.triceratops";"Triceratops";"Triceratops";""
"entity.fossil.dicranurus";"Dicranurus";"Dicranurus";""
"entity.fossil.lonchodomas";"Lonchodomas";"Lonchodomas";""
"entity.fossil.scotoharpes";"Scotoharpes";"Scotoharpes";""
"entity.fossil.walliserops";"Walliserops";"Walliserops";""
"entity.fossil.tropeognathus";"Tropeognathus";"Tropeognathus";""
"entity.fossil.tyrannosaurus";"Tyrannosaurus";"Tyrannosaurus";""
"entity.fossil.velociraptor";"Velociraptor";"Velociraptor";""
"entity.fossil.anubite";"Anubite";"Anubit";""
"entity.fossil.anu_boss";"Anu";"Anu";""
"entity.fossil.anu.ancient";"Anu: Trying to use my magic against me? Bad Idea.";"Anu: Meine Magie gegen mich verwenden? Schlechte Idee.";""
"entity.fossil.anu.archers";"Anu: Archers, fire!";"Anu: Bogenschützen, feuer!";""
"entity.fossil.anu.blazes";"Anu: Blazes! Destroy the enemy!";"Anu: Lohen! Vernichtet den Feind!";""
"entity.fossil.anu.break_block";"You cannot break blocks here without defeating Anu.";"Du kannst hier keine Blöcke abbauen, ohne Anu zu besiegen.";""
"entity.fossil.anu.brutes";"Anu: Brutes, wake up your wisdom.";"Anu: Hohlköpfe, strengt euch etwas mehr an.";""
"entity.fossil.anu.coward";"Anu: Bow using coward! Stop hiding!";"Anu: Bögen nutzen nur Feiglinge! Zeig dich!";""
"entity.fossil.anu.death";"Anu: NO!!!";"Anu: NEEIIN!!!";""
"entity.fossil.anu.draw";"Anu: DRAW YOUR SWORD.";"Anu: ZIEH DEIN SCHWERT.";""
"entity.fossil.anu.fewBeaten";"Anu: Few have beaten me. Prepare to die.";"Anu: Nur wenige haben mich geschlagen. Bereite dich auf deinen Tod vor.";""
"entity.fossil.anu.fist";"Anu: Bare hands... Stupid, but brave.";"Anu: Unbewaffnet... Dumm, aber tapfer.";""
"entity.fossil.anu.hello";"Anu: Kneel before me, resistance is futile.";"Anu: Auf die Knie, Widerstand ist zwecklos.";""
"entity.fossil.anu_dead";"Dead Anu";"Toter Anu";""
"entity.fossil.anu_totem";"Anu Totem";"Anu Totem";""
"entity.fossil.dinosaur_egg";"Dinosaur Egg";"Dinosaurier Ei";""
"entity.fossil.dinosaur_egg.hatched";"A prehistoric egg has hatched!";"Ein prähistorisches Ei ist geschlüpft!";""
"entity.fossil.order.stay";"%s is staying";"%s wartet";"Keep the variable %s. It will be replaced with the translated name of the mob"
"entity.fossil.order.wander";"%s is wandering";"%s wandert";"Keep the variable %s. It will be replaced with the translated name of the mob"
"entity.fossil.order.follow";"%s is following";"%s folgt dir";"Keep the variable %s. It will be replaced with the translated name of the mob"
"entity.fossil.situation.betrayed";"This %s has been betrayed!";"%s wurde betrogen!";"Keep the variable %s. It will be replaced with the translated name of the mob"
"entity.fossil.situation.full";"This %s is full.";"%s hat keinen Hunger.";"Keep the variable %s. It will be replaced with the translated name of the mob"
"entity.fossil.friendly_piglin";"Friendly Zombie Piglin";"Freundlicher Piglin";""
"entity.fossil.friendly_piglin.kill";"I have killed another creature for you!";"Gezähmter Piglin: Ich habe eine andere Kreatur für Sie getötet!";""
"entity.fossil.friendly_piglin.summon";"My Lord! I will fight for you till the death!";"Gezähmter Piglin: Mein Herr! Ich werde bis in den Tod für euch kämpfen!";""
"entity.fossil.prehistoric.tamed";"You have tamed this %s";"Du hast das %s gezähmt.";"Keep the variable %s. It will be replaced with the translated name of the mob"
"entity.fossil.failuresaurus";"Failuresaurus";"Fehlersaurier";""
"entity.fossil.javelin";"Javelin";"Speer";""
"entity.fossil.stone_tablet";"Stone Tablet";"Steintafel";""
"entity.fossil.sentry_piglin";"Sentry Piglin";"Piglinwache";""
"entity.fossil.tar_slime";"Tar Slime";"Teerschleim";""
"entity.fossil.toy_ball";"Ball";"Ball";""
"entity.fossil.toy_tethered_log";"Tethered Log";"Holz am Seil";""
"entity.fossil.toy_scratching_post";"Scratching Post";"Kratzbaum";""
"entity.fossil.thrown_bird_egg";"Bird Egg";"Vogelei";""
"entity.fossil.flying.disabled";"Flying has been disabled on this server";"Fliegen ist auf diesem Server verboten";""
"itemGroup.fossil.fa_block_tab";"Fossil Revival Blocks";"F&A Baumaterial";""
"itemGroup.fossil.fa_mob_item_tab";"Fossil Revival Mob Items";"F&A Gegenstände: Mobs";""
"itemGroup.fossil.fa_other_item_tab";"Fossil Revival Other Items";"F&A Gegenstände: Anderes";""
"prehistoric.essence_fail_adult";"This prehistoric mob is fully grown!";"Diese prähistorische Kreatur ist ausgewachsen!";""
"prehistoric.essence_fail_hungry";"This prehistoric mob is too hungry!";"Diese prähistorische Kreatur ist zu hungrig!";""
"culture_vat.outBreak";"Cultivation has failed!";"Die Kultivierung ist fehlgeschlagen!";""
"container.fossil.feeder";"Feeder";"Feeder";""
"container.fossil.culture_vat";"Culture Vat";"Culture Vat";""
"container.fossil.sifter";"Sifter";"Sifter";""
"container.fossil.analyzer";"Analyzer";"Analyzer";""
"container.fossil.worktable";"Archeology Workbench";"Archeology Workbench";""
"death.attack.fossil.aquatic_suffocate";"%1$s suffocated on land";"%1$s ist an Land erstickt";""
"death.attack.fossil.aquatic_suffocate.player";"%1$s suffocated on land whilst trying to escape %2$s";"%1$s ist an Land erstickt beim Versuch, %2$s zu entkommen";""
"pedia.fossil.activity";"Activity: %s";"Aktivität: %s";"Keep the variable %s. It will be replaced with the translated name of the activity type"
"pedia.fossil.activity.both";"Cathemeral";"Kathemeral";""
"pedia.fossil.activity.diurnal";"Diurnal";"Tagaktiv";""
"pedia.fossil.activity.nocturnal";"Nocturnal";"Nachtaktiv";""
"pedia.fossil.activity.both.desc";"This mob is active both during the day and night.";"Dieses Tier ist im Laufe des Tages aktiv.";""
"pedia.fossil.activity.diurnal.desc";"This mob is active during the day.";"Dieses Tier ist während des Tages aktiv.";""
"pedia.fossil.activity.nocturnal.desc";"This mob is active during the night.";"Dieses Tier ist in der Nacht aktiv.";""
"pedia.fossil.age";"Age: %s";"Alter: %s";"Keep the variable %s. It will be replaced with a number"
"pedia.fossil.condition.not_sheared";"This mob can be sheared";"Dieses Tier kann geschoren werden";""
"pedia.fossil.condition.sheared";"This mob was recently sheared";"Dieses Tier wurde kürzlich geschoren";""
"pedia.fossil.condition.stunted";"This mob's growth has been stunted. It can no longer age up";"Das Wachstum dieses Tieres ist gehemmt. Es kann nicht mehr altern";""
"pedia.fossil.diet";"Diet: %s";"Ernährung: %s";"Keep the variable %s. It will be replaced with the translated name of the diet type"
"pedia.fossil.diet.carnivore";"Carnivore";"Fleischfresser";""
"pedia.fossil.diet.carnivore_egg";"Ovivorous Carnivore";"Eierfressender Fleischfresser";""
"pedia.fossil.diet.herbivore";"Herbivore";"Pflanzenfresser";""
"pedia.fossil.diet.insectivore";"Insectivore";"Insektenfresser";""
"pedia.fossil.diet.none";"None";"Keine";""
"pedia.fossil.diet.omnivore";"Omnivore";"Allesfresser";""
"pedia.fossil.diet.passive";"Self-feeding";"Passiv";""
"pedia.fossil.diet.piscivore";"Piscivore";"Fischfresser";""
"pedia.fossil.diet.pisci_carnivore";"Carnivorous Piscivore";"Fleischfressender Fischfresser";""
"pedia.fossil.diet.carnivore.desc";"This animal eats meat.";"Dieses Tier frisst Fleisch.";""
"pedia.fossil.diet.carnivore_egg.desc";"This animal eats eggs and meat.";"Dieses Tier frisst Eier und Fleisch.";""
"pedia.fossil.diet.herbivore.desc";"This animal eats plants.";"Dieses Tier frisst Pflanzen.";""
"pedia.fossil.diet.insectivore.desc";"This animal eats insects.";"Dieses Tier frisst Insekten.";""
"pedia.fossil.diet.none.desc";"This animal does not eat.";"Dieses Tier frisst nicht.";""
"pedia.fossil.diet.omnivore.desc";"This animal eats both plants and meat.";"Dieses Tier frisst Pflanzen und Fleisch.";""
"pedia.fossil.diet.passive.desc";"This animal feeds itself passively when on dirt or sand.";"Dieses Tier ernährt sich passiv, solange es auf Erde oder Sand steht.";""
"pedia.fossil.diet.piscivore.desc";"This animal eats fish.";"Dieses Tier frisst Fisch.";""
"pedia.fossil.diet.pisci_carnivore.desc";"This animal eats both fish and meat.";"Dieses Tier frisst Fisch und Fleisch.";""
"pedia.fossil.egg";"%s Egg";"%ss Ei";"Keep the variable %s. It will be replaced with the translated name of the mob"
"pedia.fossil.egg.time";"Hatch Progress: %s%%";"Schlüpffortschritt: %s%%";"Keep the variable %s and the %%. It will be replaced with a percentage"
"pedia.fossil.egg.status";"Status: %s";"Status: %s";"Keep the variable %s. It will be replaced with the translated name of the status"
"pedia.fossil.egg.status.cold";"Cold";"Kalt";""
"pedia.fossil.egg.status.warm";"Warm";"Warm";""
"pedia.fossil.egg.status.wet";"Wet";"Feucht";""
"pedia.fossil.gender";"Gender: %s";"Geschlecht: %s";"Keep the variable %s. It will be replaced with the translated name of the gender"
"pedia.fossil.gender.female";"Female";"Weibchen";""
"pedia.fossil.gender.male";"Male";"Männchen";""
"pedia.fossil.health";"Health: %s";"Gesundheit:";"Keep the variable %s. It will be replaced with a number"
"pedia.fossil.hunger";"Hunger: %s";"Hunger: %s";"Keep the variable %s. It will be replaced with a number"
"pedia.fossil.mood_status";"This mob's mood is %s";"Die Stimmung dieses Tiers ist %s";"Keep the variable %s. It will be replaced with the translated name of the mood"
"pedia.fossil.mood.angry";"This mob is angry.";"Dieses Tier ist wütend.";""
"pedia.fossil.mood.calm";"This mob is calm.";"Dieses Tier ist ruhig.";""
"pedia.fossil.mood.content";"This mob is content.";"Dieses Tier ist zufrieden.";""
"pedia.fossil.mood.happy";"This mob is happy.";"Dieses Tier ist glücklich.";""
"pedia.fossil.mood.sad";"This mob is sad.";"Dieses Tier ist traurig.";""
"pedia.fossil.mood.angry.desc";"It will attack on sight.";"Es wird auf Sicht angreifen.";""
"pedia.fossil.mood.calm.desc";"It will attack only if hungry.";"Es greift nur an, wenn hungrig.";""
"pedia.fossil.mood.content.desc";"It will not attack you.";"Es wird dich nicht angreifen.";""
"pedia.fossil.mood.happy.desc";"It will not attack you.";"Es wird dich nicht angreifen.";""
"pedia.fossil.mood.sad.desc";"It will attack on sight.";"Es wird auf Sicht angreifen.";""
"pedia.fossil.order";"Current Order: %s";"Aktueller Befehl: %s";"Keep the variable %s. It will be replaced with the translated name of the order"
"pedia.fossil.order.item";"Order Item: %s";"Befehls-Item: %s";"Keep the variable %s. It will be replaced with the translated name of the item"
"pedia.fossil.order.follow";"Follow";"Folgen";""
"pedia.fossil.order.stay";"Stay";"Bleiben";""
"pedia.fossil.order.wander";"Wander";"Wandern";""
"pedia.fossil.order.follow.desc";"This mob will follow its owner.";"Dieses Tier wird seinem Besitzer folgen.";""
"pedia.fossil.order.stay.desc";"This mob will not move.";"Dieses Tier wird sich nicht bewegen.";""
"pedia.fossil.order.wander.desc";"This mob is free to wander around.";"Dieses Tier kann frei umherziehen.";""
"pedia.fossil.owner";"Owner: %s";"Besitzer: %s";"Keep the variable %s. It will be replaced with the name of a player"
"pedia.fossil.population";"Max Population: %s";"Max. Population: %s";"Keep the variable %s. It will be replaced with a number"
"pedia.fossil.pregnant";"Pregnant %s";"Schwanger: %s";"Keep the variable %s. It will be replaced with the translated name of the mob"
"pedia.fossil.pregnantTime";"Embryo Progress: %s%%";"Embryofortschritt: %s%%";"Keep the variable %s and the %%. It will be replaced with a percentage"
"pedia.fossil.temperament";"Temperament: %s";"Temperament: %s";"Keep the variable %s. It will be replaced with the translated name of the temperament"
"pedia.fossil.temperament.aggressive";"Aggressive";"Aggressiv";""
"pedia.fossil.temperament.calm";"Calm";"Ruhig";""
"pedia.fossil.temperament.scared";"Timid";"Zaghaft";""
"pedia.fossil.temperament.territorial";"Territorial";"Territorial";""
"pedia.fossil.temperament.water_aggressive";"Aggressive";"Aggressiv";""
"pedia.fossil.temperament.water_calm";"Calm";"Ruhig";""
"pedia.fossil.temperament.aggressive.desc";"This mob attacks other mobs.";"Dieses Tier greift andere Tiere an.";""
"pedia.fossil.temperament.calm.desc";"This mob is not scared by other mobs.";"Dieses Tier hat keine Angst vor anderen Tieren.";""
"pedia.fossil.temperament.scared.desc";"This mob runs from other mobs.";"Dieses Tier läuft von anderen Tieren davon.";""
"pedia.fossil.temperament.territorial.desc";"This mob will attack other mobs that are close.";"Dieses Tier wird andere Tiere in der Nähe angreifen.";""
"pedia.fossil.temperament.water_aggressive.desc";"This mob attacks other mobs.";"Dieses Tier greift andere Tiere an.";""
"pedia.fossil.temperament.water_calm.desc";"This mob is not scared by other mobs.";"Dieses Tier hat keine Angst vor anderen Tieren.";""
"pedia.fossil.untamed";"Untamed";"Ungezähmt";""
"category.fossil.rei.analyzer";"Analyzing";"Analysieren";""
"category.fossil.rei.culture_vat";"Cultivating";"Kultivieren";""
"category.fossil.rei.sifter";"Sifting";"Sieben";""
"category.fossil.rei.worktable";"Repairing";"Reparieren";""
"category.fossil.controls";"Fossils and Archeology";"Fossils and Archeology";""
"key.fossil.fly_up";"Fly up";"Hochfliegen";""
"key.fossil.fly_down";"Fly down";"Herunterfliegen";""
"filter.fossil.figurines";"Figurines";"Figuren";""
"filter.fossil.filter_bones";"Bones";"Bones";""
"filter.fossil.filter_buckets";"Mob Buckets";"Mob Eimer";""
"filter.fossil.filter_building_blocks";"Building Blocks";"Baublöcke";""
"filter.fossil.filter_dna";"DNA";"DNS";""
"filter.fossil.filter_eggs";"Eggs";"Eier";""
"filter.fossil.filter_machines";"Machines";"Maschinen";""
"filter.fossil.filter_meat";"Meat";"Fleisch";""
"filter.fossil.filter_other";"Produce";"Erzeugnisse";""
"filter.fossil.filter_plants";"Plants";"Pflanzen";""
"filter.fossil.filter_trees";"Trees & Woods";"Bäume & Holz";""
"filter.fossil.filter_unbreakable";"Unbreakable";"Unzerbrechbar";""
"filter.fossil.filter_vases";"Vases";"Vasen";""
"filter.fossil.filter_park";"Park";"Park";""
"subtitle.fossil.anu_cough";"Anu coughs";"Anu hustet";""
"subtitle.fossil.anu_death";"Anu dies";"Anu stirbt";""
"subtitle.fossil.anu_laugh";"Anu laughs";"Anu lacht";""
"subtitle.fossil.anu_totem";"Anu Totem awakens";"Anu-Totem erwacht";""
"subtitle.fossil.drum_single";"Drum plays";"Trommel spielt";""
"subtitle.fossil.tar";"Tar pops";"Teer blubbert";""
"subtitle.fossil.whip";"Whip cracked";"Peitsche knallt";""
"subtitle.fossil.allosaurus_ambient";"Allosaurus grumbles";"Allosaurus grummelt";""
"subtitle.fossil.allosaurus_hurt";"Allosaurus hurts";"Allosaurus nimmt Schaden";""
"subtitle.fossil.allosaurus_death";"Allosaurus dies";"Allosaurus stirbt";""
"subtitle.fossil.ankylosaurus_ambient";"Ankylosaurus grunts";"Ankylosaurus grunzt";""
"subtitle.fossil.ankylosaurus_hurt";"Ankylosaurus hurts";"Ankylosaurus nimmt Schaden";""
"subtitle.fossil.ankylosaurus_death";"Ankylosaurus dies";"Ankylosaurus stirbt";""
"subtitle.fossil.arthropleura_ambient";"Arthropleura scuttles";"Arthropleura krabbelt";""
"subtitle.fossil.arthropleura_hurt";"Arthropleura hurts";"Arthropleura nimmt Schaden";""
"subtitle.fossil.arthropleura_death";"Arthropleura dies";"Arthropleura stirbt";""
"subtitle.fossil.arthropleura_walk";"Arthropleura scuttles";"Arthropleura krabbelt";""
"subtitle.fossil.brachiosaurus_ambient";"Brachiosaurus rumbles";"Brachiosaurus grollt";""
"subtitle.fossil.brachiosaurus_hurt";"Brachiosaurus hurts";"Brachiosaurus nimmt Schaden";""
"subtitle.fossil.brachiosaurus_death";"Brachiosaurus dies";"Brachiosaurus stirbt";""
"subtitle.fossil.ceratosaurus_ambient";"Ceratosaurus breathes";"Ceratosaurus atmet";""
"subtitle.fossil.ceratosaurus_hurt";"Ceratosaurus hurts";"Ceratosaurus nimmt Schaden";""
"subtitle.fossil.ceratosaurus_death";"Ceratosaurus dies";"Ceratosaurus stirbt";""
"subtitle.fossil.citipati_ambient";"Citipati clucks";"Citipati gackert";""
"subtitle.fossil.citipati_hurt";"Citipati hurts";"Citipati nimmt Schaden";""
"subtitle.fossil.citipati_death";"Citipati dies";"Citipati stirbt";""
"subtitle.fossil.compsognathus_ambient";"Compsognathus chirps";"Compsognathus zwitschert";""
"subtitle.fossil.compsognathus_hurt";"Compsognathus hurts";"Compsognathus nimmt Schaden";""
"subtitle.fossil.compsognathus_death";"Compsognathus dies";"Compsognathus stirbt";""
"subtitle.fossil.confuciusornis_ambient";"Confuciusornis calls";"Confuciusornis ruft";""
"subtitle.fossil.confuciusornis_hurt";"Confuciusornis hurts";"Confuciusornis nimmt Schaden";""
"subtitle.fossil.confuciusornis_death";"Confuciusornis dies";"Confuciusornis stirbt";""
"subtitle.fossil.deinonychus_ambient";"Deinonychus screeches";"Deinonychus kreischt";""
"subtitle.fossil.deinonychus_hurt";"Deinonychus hurts";"Deinonychus nimmt Schaden";""
"subtitle.fossil.deinonychus_death";"Deinonychus dies";"Deinonychus stirbt";""
"subtitle.fossil.dilophosaurus_ambient";"Dilophosaurus screeches";"Dilophosaurus kreischt";""
"subtitle.fossil.dilophosaurus_hurt";"Dilophosaurus hurts";"Dilophosaurus nimmt Schaden";""
"subtitle.fossil.dilophosaurus_death";"Dilophosaurus dies";"Dilophosaurus stirbt";""
"subtitle.fossil.diplodocus_ambient";"Diplodocus rumbles";"Diplodocus grollt";""
"subtitle.fossil.diplodocus_hurt";"Diplodocus hurts";"Diplodocus nimmt Schaden";""
"subtitle.fossil.diplodocus_death";"Diplodocus dies";"Diplodocus stirbt";""
"subtitle.fossil.dodo_ambient";"Dodo squawks";"Dodo quäkt";""
"subtitle.fossil.dodo_hurt";"Dodo hurts";"Dodo nimmt Schaden";""
"subtitle.fossil.dodo_death";"Dodo dies";"Dodo stirbt";""
"subtitle.fossil.dryosaurus_ambient";"Dryosaurus chirps";"Dryosaurus zwitschert";""
"subtitle.fossil.dryosaurus_hurt";"Dryosaurus hurts";"Dryosaurus nimmt Schaden";""
"subtitle.fossil.dryosaurus_death";"Dryosaurus dies";"Dryosaurus stirbt";""
"subtitle.fossil.edaphosaurus_ambient";"Edaphosaurus growls";"Edaphosaurus knurrt";""
"subtitle.fossil.edaphosaurus_hurt";"Edaphosaurus hurts";"Edaphosaurus nimmt Schaden";""
"subtitle.fossil.edaphosaurus_death";"Edaphosaurus dies";"Edaphosaurus stirbt";""
"subtitle.fossil.elasmotherium_ambient";"Elasmotherium snorts";"Elasmotherium schnaubt";""
"subtitle.fossil.elasmotherium_hurt";"Elasmotherium hurts";"Elasmotherium nimmt Schaden";""
"subtitle.fossil.elasmotherium_death";"Elasmotherium dies";"Elasmotherium stirbt";""
"subtitle.fossil.gallimimus_ambient";"Gallimimus screeches";"Gallimimus kreischt";""
"subtitle.fossil.gallimimus_hurt";"Gallimimus hurts";"Gallimimus nimmt Schaden";""
"subtitle.fossil.gallimimus_death";"Gallimimus dies";"Gallimimus stirbt";""
"subtitle.fossil.henodus_ambient";"Henodus growls";"Henodus knurrt";""
"subtitle.fossil.henodus_hurt";"Henodus hurts";"Henodus nimmt Schaden";""
"subtitle.fossil.henodus_death";"Henodus dies";"Henodus stirbt";""
"subtitle.fossil.ichthyosaurus_ambient";"Ichthyosaurus echoes";"Ichthyosaurus hallt";""
"subtitle.fossil.ichthyosaurus_hurt";"Ichthyosaurus hurts";"Ichthyosaurus nimmt Schaden";""
"subtitle.fossil.ichthyosaurus_death";"Ichthyosaurus dies";"Ichthyosaurus stirbt";""
"subtitle.fossil.ichthyosaurus_ambient_outside";"Ichthyosaurus bubbles";"Ichthyosaurus blubbert";"subtitle.fossil.ichthyosaurus_ambient_outside"
"subtitle.fossil.liopleurodon_ambient_inside";"Liopleurodon growls";"Liopleurodon knurrt";""
"subtitle.fossil.liopleurodon_ambient_outside";"Liopleurodon bubbles";"Liopleurodon blubbert";""
"subtitle.fossil.liopleurodon_hurt";"Liopleurodon hurts";"Liopleurodon nimmt Schaden";""
"subtitle.fossil.liopleurodon_attack";"Liopleurodon attacks";"Liopleurodon greift an";""
"subtitle.fossil.liopleurodon_death";"Liopleurodon dies";"Liopleurodon stirbt";""
"subtitle.fossil.mammoth_ambient";"Mammoth trumpets";"Mammut trompetet";""
"subtitle.fossil.mammoth_hurt";"Mammoth hurts";"Mammut nimmt Schaden";""
"subtitle.fossil.mammoth_death";"Mammoth dies";"Mammut stirbt";""
"subtitle.fossil.megalania_ambient";"Megalania grumbles";"Megalania knurrt";""
"subtitle.fossil.megalania_hurt";"Megalania hurts";"Megalania nimmt Schaden";""
"subtitle.fossil.megalania_death";"Megalania dies";"Megalania stirbt";""
"subtitle.fossil.megaloceros_ambient";"Megaloceros grunts";"Megaloceros röhrt";""
"subtitle.fossil.megaloceros_hurt";"Megaloceros hurts";"Megaloceros nimmt Schaden";""
"subtitle.fossil.megaloceros_death";"Megaloceros dies";"Megaloceros stirbt";""
"subtitle.fossil.megalodon_ambient";"Megalodon swims";"Megalodon schwimmt";""
"subtitle.fossil.megalodon_hurt";"Megalodon hurts";"Megalodon nimmt Schaden";""
"subtitle.fossil.megalodon_hurt_outside";"Megalodon hurts";"Megalodon nimmt Schaden";""
"subtitle.fossil.megalodon_death";"Megalodon dies";"Megalodon stirbt";""
"subtitle.fossil.megalograptus_ambient";"Megalograptus scuttles";"Megalograptus krabbelt";""
"subtitle.fossil.megalograptus_hurt";"Megalograptus hurts";"Megalograptus nimmt Schaden";""
"subtitle.fossil.megalograptus_death";"Megalograptus dies";"Megalograptus stirbt";""
"subtitle.fossil.meganeura_ambient";"Meganeura buzzes";"Meganeura brummt";""
"subtitle.fossil.meganeura_hurt";"Meganeura hurts";"Meganeura nimmt Schaden";""
"subtitle.fossil.meganeura_death";"Meganeura dies";"Meganeura stirbt";""
"subtitle.fossil.mosasaurus_ambient_inside";"Mosasaurus roars";"Mosasaurus brüllt";""
"subtitle.fossil.mosasaurus_ambient_outside";"Mosasaurus bubbles";"Mosasaurus blubbert";""
"subtitle.fossil.mosasaurus_hurt";"Mosasaurus hurts";"Mosasaurus nimmt Schaden";""
"subtitle.fossil.mosasaurus_death";"Mosasaurus dies";"Mosasaurus stirbt";""
"subtitle.fossil.ornitholestes_ambient";"Ornitholestes creaks";"Ornitholestes krächzt";""
"subtitle.fossil.ornitholestes_hurt";"Ornitholestes hurts";"Ornitholestes nimmt Schaden";""
"subtitle.fossil.ornitholestes_death";"Ornitholestes dies";"Ornitholestes stirbt";""
"subtitle.fossil.pachycephalosaurus_ambient";"Pachycephalosaurus growls";"Pachycephalosaurus brüllt";""
"subtitle.fossil.pachycephalosaurus_hurt";"Pachycephalosaurus hurts";"Pachycephalosaurus nimmt Schaden";""
"subtitle.fossil.pachycephalosaurus_death";"Pachycephalosaurus dies";"Pachycephalosaurus stirbt";""
"subtitle.fossil.parasaurolophus_ambient";"Parasaurolophus calls";"Parasaurolophus ruft";""
"subtitle.fossil.parasaurolophus_hurt";"Parasaurolophus hurts";"Parasaurolophus nimmt Schaden";""
"subtitle.fossil.parasaurolophus_death";"Parasaurolophus dies";"Parasaurolophus stirbt";""
"subtitle.fossil.platybelodon_ambient";"Platybelodon trumpets";"Platybelodon trompetet";""
"subtitle.fossil.platybelodon_hurt";"Platybelodon hurts";"Platybelodon nimmt Schaden";""
"subtitle.fossil.platybelodon_death";"Platybelodon dies";"Platybelodon stirbt";""
"subtitle.fossil.plesiosaurus_ambient_inside";"Plesiosaurus chatters";"Plesiosaurus schnattert";""
"subtitle.fossil.plesiosaurus_ambient_outside";"Plesiosaurus chatters";"Plesiosaurus schnattert";""
"subtitle.fossil.plesiosaurus_hurt";"Plesiosaurus hurts";"Plesiosaurus nimmt Schaden";""
"subtitle.fossil.plesiosaurus_death";"Plesiosaurus dies";"Plesiosaurus stirbt";""
"subtitle.fossil.pteranodon_ambient";"Pteranodon chatters";"Pteranodon schnattert";""
"subtitle.fossil.pteranodon_hurt";"Pteranodon hurts";"Pteranodon nimmt Schaden";""
"subtitle.fossil.pteranodon_death";"Pteranodon dies";"Pteranodon stirbt";""
"subtitle.fossil.quagga_ambient";"Quagga snorts";"Quagga schnaubt";""
"subtitle.fossil.quagga_hurt";"Quagga hurts";"Quagga nimmt Schaden";""
"subtitle.fossil.quagga_death";"Quagga dies";"Quagga stirbt";""
"subtitle.fossil.sarcosuchus_baby_ambient";"Sarcosuchus peeps";"Sarcosuchus piept";""
"subtitle.fossil.sarcosuchus_ambient";"Sarcosuchus hisses";"Sarcosuchus faucht";""
"subtitle.fossil.sarcosuchus_hurt";"Sarcosuchus hurts";"Sarcosuchus nimmt Schaden";""
"subtitle.fossil.sarcosuchus_death";"Sarcosuchus dies";"Sarcosuchus stirbt";""
"subtitle.fossil.smilodon_ambient";"Smilodon grumbles";"Smilodon brüllt";""
"subtitle.fossil.smilodon_hurt";"Smilodon hurts";"Smilodon nimmt Schaden";""
"subtitle.fossil.smilodon_death";"Smilodon dies";"Smilodon stirbt";""
"subtitle.fossil.spinosaurus_ambient";"Spinosaurus breathes";"Spinosaurus atmet";""
"subtitle.fossil.spinosaurus_hurt";"Spinosaurus hurts";"Spinosaurus nimmt Schaden";""
"subtitle.fossil.spinosaurus_death";"Spinosaurus dies";"Spinosaurus stirbt";""
"subtitle.fossil.stegosaurus_ambient";"Stegosaurus growls";"Stegosaurus knurrt";""
"subtitle.fossil.stegosaurus_hurt";"Stegosaurus hurts";"Stegosaurus nimmt Schaden";""
"subtitle.fossil.stegosaurus_death";"Stegosaurus dies";"Stegosaurus stirbt";""
"subtitle.fossil.terror_bird_ambient";"Terror Bird squawks";"Terrorvogel krächzt";""
"subtitle.fossil.terror_bird_hurt";"Terror Bird hurts";"Terrorvogel nimmt Schaden";""
"subtitle.fossil.terror_bird_death";"Terror Bird dies";"Terrorvogel stirbt";""
"subtitle.fossil.therizinosaurus_ambient";"Therizinosaurus bellows";"Therizinosaurus ruft";""
"subtitle.fossil.therizinosaurus_hurt";"Therizinosaurus hurts";"Therizinosaurus nimmt Schaden";""
"subtitle.fossil.therizinosaurus_death";"Therizinosaurus dies";"Therizinosaurus stirbt";""
"subtitle.fossil.tiktaalik_ambient";"Tiktaalik bubbles";"Tiktaalik blubbert";""
"subtitle.fossil.tiktaalik_hurt";"Tiktaalik hurts";"Tiktaalik nimmt Schaden";""
"subtitle.fossil.tiktaalik_death";"Tiktaalik dies";"Tiktaalik stirbt";""
"subtitle.fossil.triceratops_ambient";"Triceratops screeches";"Triceratops ruft";""
"subtitle.fossil.triceratops_hurt";"Triceratops hurts";"Triceratops nimmt Schaden";""
"subtitle.fossil.triceratops_death";"Triceratops dies";"Triceratops stirbt";""
"subtitle.fossil.tyrannosaurus_ambient";"Tyrannosaurus roars";"Tyrannosaurus brüllt";""
"subtitle.fossil.tyrannosaurus_hurt";"Tyrannosaurus hurts";"Tyrannosaurus nimmt Schaden";""
"subtitle.fossil.tyrannosaurus_death";"Tyrannosaurus dies";"Tyrannosaurus stirbt";""
"subtitle.fossil.tyrannosaurus_roar";"Tyrannosaurus roars";"Tyrannosaurus brüllt";""
"subtitle.fossil.tyrannosaurus_weak";"Tyrannosaurus roars weakly";"Tyrannosaurus brüllt schwach";""
"subtitle.fossil.velociraptor_ambient";"Velociraptor screeches";"Velociraptor kreischt";""
"subtitle.fossil.velociraptor_hurt";"Velociraptor hurts";"Velociraptor nimmt Schaden";""
"subtitle.fossil.velociraptor_death";"Velociraptor dies";"Velociraptor stirbt";""
"fossil.jade.fish";"Fish: %s";"Fisch: %s";"Keep the variable %s. It will be replaced with a number"
"fossil.jade.meat";"Meat: %s";"Fleisch: %s";"Keep the variable %s. It will be replaced with a number"
"fossil.jade.plant";"Plants: %s";"Pflanzen: %s";"Keep the variable %s. It will be replaced with a number"
"fossil.midnightconfig.title";"Fossils and Archeology: Revival Config";"Fossils and Archeology: Revival Konfiguration";""
"fossil.midnightconfig.generate";"Generation Config";"Weltgenerierungskonfiguration";""
"fossil.midnightconfig.spawn";"Spawn Config";"Spawn-Konfiguration";""
"fossil.midnightconfig.mob";"Mob Config";"Kreaturenkonfiguration";""
"fossil.midnightconfig.machine";"Machine Config";"Maschinenkonfiguration";""
"fossil.midnightconfig.other";"Other";"Andere";""
"fossil.midnightconfig.generateHellShips";"Generate Hell Ships";"Höllenschiff generieren";""
"fossil.midnightconfig.generateHellShips.tooltip";"True if Hell Ships are to generate naturally";"True, wenn das Höllenschiff auf natürliche Weise entstehen soll";""
"fossil.midnightconfig.generateAcademy";"Generate Desert Academies";"Wüstenakademien generieren";""
"fossil.midnightconfig.generateAcademy.tooltip";"True if Desert Academies are to generate naturally";"True, wenn die Wüstenakademie auf natürliche Weise entstehen soll";""
"fossil.midnightconfig.generateAztecWeaponShops";"Generate Aztec Weapon Shops";"Aztekenwaffenwerkstatt generieren";""
"fossil.midnightconfig.generateAztecWeaponShops.tooltip";"True if Aztec Weapon Shops are to generate naturally";"True, wenn die Aztekenwaffenwerkstatt auf natürliche Weise entstehen soll";""
"fossil.midnightconfig.generateTemple";"Generate Aztec Temple";"Aztekentempel generieren";""
"fossil.midnightconfig.generateTemple.tooltip";"True if Aztec Temples are to generate naturally";"True, wenn der Aztekentempel auf natürliche Weise entstehen soll";""
"fossil.midnightconfig.generateFossils";"Generate Fossil Ores";"Fossilerz generieren";""
"fossil.midnightconfig.generateFossils.tooltip";"True if Fossil Ores are to generate naturally";"True, wenn Fossile auf natürliche Weise entstehen sollen";""
"fossil.midnightconfig.generatePermafrost";"Generate Permafrost";"Permafrost generieren";""
"fossil.midnightconfig.generatePermafrost.tooltip";"True if Permafrost Ore is to generate naturally";"True, wenn Permafrost auf natürliche Weise entstehen soll";""
"fossil.midnightconfig.generateVolcanicRock";"Generation Volcanic Rock";"Vulkanischen Felsen generieren";""
"fossil.midnightconfig.generateVolcanicRock.tooltip";"True if Volcanic Rock is to generate naturally";"True, wenn Vulkanischer Felsen auf natürliche Weise entstehen soll";""
"fossil.midnightconfig.generateMoai";"Generate Moai";"Moaistatue generieren";""
"fossil.midnightconfig.generateMoai.tooltip";"True if Moai Statues are to generate naturally";"True, wenn Moaistatuen auf natürliche Weise entstehen sollen";""
"fossil.midnightconfig.generateVolcanoBiome";"Generate Volcano Biome";"Vulkanbiom generieren";""
"fossil.midnightconfig.generateVolcanoBiome.tooltip";"True if Volcano Biomes are to generate naturally";"True, wenn Vulkanbiome auf natürliche Weise entstehen sollen";""
"fossil.midnightconfig.fossilOreRarity";"Fossil Ore Rarity";"Seltenheit von Fossilerz";""
"fossil.midnightconfig.fossilOreRarity.tooltip";"Rarity of Fossil ore. Higher number = more tries per chunk";"Höhere Nummer = mehr Versuche pro Chunk";""
"fossil.midnightconfig.permafrostRarity";"Permafrost Rarity";"Seltenheit von Permafrost";""
"fossil.midnightconfig.permafrostRarity.tooltip";"Rarity of Permafrost. Higher number = more tries per chunk";"Höhere Nummer = mehr Versuche pro Chunk";""
"fossil.midnightconfig.hellShipSpacing";"Hell Ship Spacing";"Höllenschiff Abstand";""
"fossil.midnightconfig.hellShipSpacing.tooltip";"Maximum number of chunks between Ship Structures";"Maximale Anzahl an Chunks zwischen Höllenschiffen";""
"fossil.midnightconfig.hellShipSeparation";"Hell Ship Separation";"Höllenschiff Trennung";""
"fossil.midnightconfig.hellShipSeparation.tooltip";"Minimum number of chunks between Ship Structures";"Minimale Anzahl an Chunks zwischen Höllenschiffen";""
"fossil.midnightconfig.moaiRarity";"Moai Statue Rarity";"Seltenheit von Moaistatuen";""
"fossil.midnightconfig.moaiRarity.tooltip";"Rarity of Moai Statues. Higher number = more rare";"Höhere Nummer = seltener";""
"fossil.midnightconfig.volcanoBiomeRarity";"Volcano Biome Rarity";"Vulkanbiom-Wahrscheinlichkeit";""
"fossil.midnightconfig.volcanoBiomeRarity.tooltip";"Volcano Biome Weight. Higher number = more common";"Höhere Nummer = wahrscheinlicher";""
"fossil.midnightconfig.spawnTarSlimes";"Spawn Tar Slimes";"Teerschleime erschaffen";""
"fossil.midnightconfig.spawnTarSlimes.tooltip";"True if Tar Slimes are to spawn naturally in tar pits";"True, wenn Teerschleime auf natürliche Weise in Teergruben entstehen sollen";""
"fossil.midnightconfig.spawnNautilus";"Spawn Nautilus";"Nautilus erschaffen";""
"fossil.midnightconfig.spawnNautilus.tooltip";"True if Nautilus are to spawn naturally in oceans";"True, wenn Nautilus auf natürliche Weise in Ozeanen entstehen sollen";""
"fossil.midnightconfig.spawnCoelacanth";"Spawn Coelacanth";"Quastenflosser erschaffen";""
"fossil.midnightconfig.spawnCoelacanth.tooltip";"True if Coelacanths are to spawn naturally in oceans";"True, wenn Quastenflosser auf natürliche Weise in Ozeanen entstehen sollen";""
"fossil.midnightconfig.fishArePersistent";"Player fish never despawn";"Fische des Spielers können nicht despawnen";""
"fossil.midnightconfig.fishArePersistent.tooltip";"True if fish spawned via fish egg item should never despawn";"Wahr, wenn Fische die der Spieler mit einem Fischei platziert hat nicht despawnen sollen";""
"fossil.midnightconfig.spawnAlligatorGar";"Spawn Alligator Gar";"Alligatorhecht erschaffen";""
"fossil.midnightconfig.spawnAlligatorGar.tooltip";"True if Alligator Gars are to spawn naturally in swamps";"True, wenn Alligatorhechte auf natürliche Weise in Sümpfen entstehen sollen";""
"fossil.midnightconfig.spawnSturgeon";"Spawn Sturgeon";"Stör erschaffen";""
"fossil.midnightconfig.spawnSturgeon.tooltip";"True if Sturgeons are to spawn naturally in rivers";"True, wenn Störe auf natürliche Weise in Flüssen entstehen sollen";""
"fossil.midnightconfig.tarSlimesSpawnRate";"Tar Slime Spawn Rate";"Teerschleim-Seltenheit";""
"fossil.midnightconfig.tarSlimesSpawnRate.tooltip";"Tar Slime Spawn Rarity. Higher number = more rare";"Höhere Nummer = seltener";""
"fossil.midnightconfig.alligatorGarSpawnWeight";"Alligator Gar Spawn Weight";"Alligatorhecht-Wahrscheinlichkeit";""
"fossil.midnightconfig.alligatorGarSpawnWeight.tooltip";"Alligator Gar Spawn Weight. Higher number = more common";"Höhere Nummer = wahrscheinlicher";""
"fossil.midnightconfig.coelacanthSpawnWeight";"Coelacanth Spawn Weight";"Quastenflosser-Wahrscheinlichkeit";""
"fossil.midnightconfig.coelacanthSpawnWeight.tooltip";"Coelacanth Spawn Weight. Higher number = more common";"Höhere Nummer = wahrscheinlicher";""
"fossil.midnightconfig.nautilusSpawnWeight";"Nautilus Spawn Weight";"Nautilus-Wahrscheinlichkeit";""
"fossil.midnightconfig.nautilusSpawnWeight.tooltip";"Nautilus Spawn Weight. Higher number = more common";"Höhere Nummer = wahrscheinlicher";""
"fossil.midnightconfig.sturgeonSpawnWeight";"Sturgeon Spawn Weight";"Stör-Wahrscheinlichkeit";""
"fossil.midnightconfig.sturgeonSpawnWeight.tooltip";"Sturgeon Spawn Weight. Higher number = more common";"Höhere Nummer = wahrscheinlicher";""
"fossil.midnightconfig.healingDinos";"Enable Dino Healing";"Dinoheilung aktivieren";""
"fossil.midnightconfig.healingDinos.tooltip";"True if Dinosaurs can be healed by hand feeding food";"True, wenn Dinos sich automatisch oder per Handfütterung heilen sollen";""
"fossil.midnightconfig.enableHunger";"Enable Hunger";"Hunger aktivieren";""
"fossil.midnightconfig.enableHunger.tooltip";"True if Dinosaurs have hunger";"True, wenn Hunger aktiviert sein soll";""
"fossil.midnightconfig.enableStarvation";"Enable Starvation";"Verhungern aktivieren";""
"fossil.midnightconfig.enableStarvation.tooltip";"True if Dinosaurs can die of hunger";"True, wenn Dinos verhungern können sollen";""
"fossil.midnightconfig.breedingDinos";"Enable Breeding Dinos";"Dinofortpflanzung aktivieren";""
"fossil.midnightconfig.breedingDinos.tooltip";"True if Dinosaurs should breed";"True, wenn Dinos sich fortpflanzen können sollen";""
"fossil.midnightconfig.eggsLikeChickens";"Eggs Like Chickens";"Eier wie Hühnereier";""
"fossil.midnightconfig.eggsLikeChickens.tooltip";"True if Dinosaurs should create item eggs instead of entities";"True, wenn Dinoeier wie Hühnerei als Items gedroppt werden sollen";""
"fossil.midnightconfig.whipToTameDino";"Whip To Tame Dino";"Dino mit Peitsche zähmen";""
"fossil.midnightconfig.whipToTameDino.tooltip";"True if Whips can be used to tame some dinosaurs";"True, wenn die Peitsche Dinos zähmen können soll";""
"fossil.midnightconfig.pregnancyDuration";"Pregnancy Duration";"Schwangerschaftsdauer";""
"fossil.midnightconfig.pregnancyDuration.tooltip";"How long mammal pregnancies last, in ticks";"In ticks";""
"fossil.midnightconfig.dinosBreakBlocks";"Dinos Break Blocks";"Dinos können Blöcke zerbrechen";""
"fossil.midnightconfig.dinosBreakBlocks.tooltip";"True if certain Dinosaurs can break blocks weaker than the set hardness";"True, wenn manche Dinos Blöcke unter einer bestimmten Härte zerbrechen können sollen";""
"fossil.midnightconfig.blockBreakHardness";"Block Break Hardness";"Blockbruchhärte";""
"fossil.midnightconfig.blockBreakHardness.tooltip";"Minimum hardness that a block needs in order not to break. 
The default is iron(5). 
A value of 0.4 would be enough to break leaves and glass but not dirt";"Minimale Härte die ein Block brauch, um nicht zu zerbrechen. 
Der Standard ist Eisen(5). 
Ein Wert von 0.4 wäre genug um Laub und Glas aber nicht Erde zu zerbrechen";""
"fossil.midnightconfig.featheredDilo";"Feathered Dilophosaurus";"Gefiederte Dilophosaurus";""
"fossil.midnightconfig.featheredDilo.tooltip";"True if Dilophosaurus should be feathered";"True, wenn Dilophosaurus gefiedert sein soll";""
"fossil.midnightconfig.featheredCerato";"Feathered Ceratosaurus";"Gefiederter Ceratosaurus";""
"fossil.midnightconfig.featheredCerato.tooltip";"True if Ceratosaurus should be feathered";"True, wenn Ceratosaurus gefiedert sein soll";""
"fossil.midnightconfig.featheredDryo";"Feathered Dryosaurus";"Gefiederte Dryosaurus";""
"fossil.midnightconfig.featheredDryo.tooltip";"True if Dryosaurus should be feathered";"True, wenn Dryosaurus gefiedert sein soll";""
"fossil.midnightconfig.dinosEatBlocks";"Dinos Eat Blocks";"Dinos können Blöcke fressen";""
"fossil.midnightconfig.dinosEatBlocks.tooltip";"True if herbivores can eat plant blocks";"True, wenn Pflanzenfresser Pflanzenblöcke fressen können";""
"fossil.midnightconfig.dinosEatModdedMobs";"Dinos Eat Modded Mobs";"Dinos können Kreaturen aus anderen Mods fressen";""
"fossil.midnightconfig.dinosEatModdedMobs.tooltip";"True if Dinosaurs can hunt non-vanilla mobs";"True, wenn Dinos Kreaturen aus anderen Mods freesen können";""
"fossil.midnightconfig.animalsFearDinos";"Animals Fear Dinos";"Tiere fürchten Dinos";""
"fossil.midnightconfig.animalsFearDinos.tooltip";"True if vanilla animals should run away from dangerous Dinosaurs";"True, wenn Vanilla Tiere vor Dinos wegrennen sollen";""
"fossil.midnightconfig.customMainMenu";"Custom Main Menu";"Angepasstes Hauptmenü";""
"fossil.midnightconfig.customMainMenu.tooltip";"True if the Custom Main Menu should be enabled";"True, wenn unser angepasstes Hauptmenü angezeigt werden soll";""
"fossil.midnightconfig.helmetOverlays";"Helmet Overlays";"Helm-Overlay";""
"fossil.midnightconfig.helmetOverlays.tooltip";"True if bone helmet and ancient helmet should render overlays like vanilla pumpkin";"True, wenn der Knochenhelm und der Antike Helm ein kürbisähnliches Overlay anzeigen soll";""
"fossil.midnightconfig.flyingTargetMaxHeight";"Flying Target Max Height";"Maximum Flughöhe";""
"fossil.midnightconfig.flyingTargetMaxHeight.tooltip";"Maximum height that flying creatures should be able to fly to";"Maximale Höhe die eine Flugkreatur erreichen darf";""
"fossil.midnightconfig.cultureVatFailChance";"Culture Vat Fail Chance";"Misserfolgswahrscheinlichkeit für Kultivierungsbehälter";""
"fossil.midnightconfig.cultureVatFailChance.tooltip";"Percentage chance that the Culture Vat will break";"Wahrscheinlichkeit, dass der Kultivierungsbehälter zerbrechen wird";""
"fossil.midnightconfig.machinesRequireEnergy";"Machines Require Energy";"Maschinen verbrauchen Energie";""
"fossil.midnightconfig.machinesRequireEnergy.tooltip";"True if machines require Energy to operate";"True, wenn Maschinen Energie brauchen sollen";""
"fossil.midnightconfig.machineMaxEnergy";"Machine Max Energy";"Maximale Energie in Maschinen";""
"fossil.midnightconfig.machineMaxEnergy.tooltip";"Max stored Energy machines can have";"Maximale Energie die in Maschinen gespeichert werden soll";""
"fossil.midnightconfig.machineTransferRate";"Machine Transfer Rate";"Übertragungsrate der Maschinen";""
"fossil.midnightconfig.machineTransferRate.tooltip";"Max Energy machines can transfer per tick";"Maximale Energie die Maschinen jeden tick übertragen können";""
"fossil.midnightconfig.machineEnergyUsage";"Machine Energy Usage";"Energieverbrauch der Maschinen";""
"fossil.midnightconfig.machineEnergyUsage.tooltip";"How much Energy machines consume per tick";"Wie viel Energie pro tick verbraucht wird";""
"fossil.midnightconfig.fernTickRate";"Fern Tick Rate";"Farn Wachsrate";""
"fossil.midnightconfig.fernTickRate.tooltip";"How often ferns try to grow. Higher number = less growth";"Wie oft Farn versucht zu wachsen. Höhere Nummer = weniger Wachstum";""
"fossil.midnightconfig.anuBlockPlacing";"Anu Block Placing";"Anu kann Blöcke platzieren";""
"fossil.midnightconfig.anuBlockPlacing.tooltip";"True if Anu should be able to place blocks";"True, wenn Anu während des Kampfes Blöcke platzieren können soll";""
"fossil.midnightconfig.anubiteHasCooldown";"Anubite Statues Cooldown";"Anubitstatuen Abklingzeit";""
"fossil.midnightconfig.anubiteHasCooldown.tooltip";"True if Anubite statues shouldn't disappear after activation and instead go on cooldown";"True, wenn Anubitstatuen nach der Aktivierung nicht verschwinden, sondern eine Abklingzeit haben sollen";""
"fossil.midnightconfig.anubiteCooldown";"Anubite Statue Cooldown";"Anubitstatuen Abklingzeit";""
"fossil.midnightconfig.anubiteCooldown.tooltip";"Cooldown between activations in ticks";"Dauer der Abklingzeit in ticks";""
"advancements.fossil.root.title";"Fossils & Archeology Revival";"Fossils & Archeology Revival";""
"advancements.fossil.root.description";"Dinosaurs, artifacts, and remains of the past";"Dinosaurier, Artefakte und Überreste aus der Vergangenheit";""
"advancements.fossil.all_eggs.title";"Enough to fill a park or two";"Genug, um ein oder zwei Parks zu füllen";""
"advancements.fossil.all_eggs.description";"Incubate at least one of each egg";"Brüte von jedem Ei mindestens eines aus";""
"advancements.fossil.all_embryos.title";"Mammal dominance";"Dominanz der Säugetiere";""
"advancements.fossil.all_embryos.description";"Implant at least one of each embryo";"Pflanze von jedem Embryo mindestens eines ein";""
"advancements.fossil.analyzer.title";"Research Time";"Zeit für Forschung";""
"advancements.fossil.analyzer.description";"Craft an Analyzer to make something of these ancient remains";"Stelle einen Analysator her, um etwas mit diesen antiken Überresten anzufangen";""
"advancements.fossil.ancient_clock.title";"The Time Masheen";"Die Zeitmaschine";""
"advancements.fossil.ancient_clock.description";"Using the Ancient Key, unlock the treasures of the Ancient Chest";"Benutze den antiken Schlüssel, um die Schätze der antiken Truhe freizulegen";""
"advancements.fossil.anu_lair.title";"Tomb of the False God";"Das Grab des falschen Gottes";""
"advancements.fossil.anu_lair.description";"Locked Away for a Thousand Years";"Für tausend Jahre weggesperrt";""
"advancements.fossil.anubite.title";"Protectors of Anu";"Beschützer von Anu";""
"advancements.fossil.anubite.description";"Encounter an Anubite";"Begegne einem Anubit";""
"advancements.fossil.break_fossil.title";"Digging Deep";"Tief gegraben";""
"advancements.fossil.break_fossil.description";"Obtain a Bio Fossil or a Relic Scrap from a Fossil Block";"Erhalte ein Biofossil oder ein Reliktschrott aus einem Fossilblock";""
"advancements.fossil.broken_sword.title";"Into a Million Pieces";"In einer Million Stücke";""
"advancements.fossil.broken_sword.description";"Find a Broken Ancient Sword or a Broken Ancient Helmet";"Finde ein zerbrochenes antikes Schwert oder einen zerbrochenen antiken Helm";""
"advancements.fossil.ancient_sword.title";"Using plenty of glue";"Mit ner Menge Klebstoff";""
"advancements.fossil.ancient_sword.description";"Repair a Broken Ancient Sword or a Broken Ancient Helmet";"Repariere ein zerbrochenes antikes Schwert oder einen zerbrochenen antiken Helm";""
"advancements.fossil.culture_vat.title";"The Crucible";"Der Schmelztiegel";""
"advancements.fossil.culture_vat.description";"Create a Culture Vat to restore prehistoric creatures from DNA";"Stelle einen Kultivierungsbehälter her, um prähistorische Kreaturen aus DNS wiederherzustellen";""
"advancements.fossil.dino_eggs.title";"Eggs!";"Eier!";""
"advancements.fossil.dino_eggs.description";"Cultivate an egg from DNA";"Kultiviere ein Ei aus DNS";""
"advancements.fossil.dinopedia.title";"Read all about it!";"Hier kannst du alles nachlesen!";""
"advancements.fossil.dinopedia.description";"Craft a dinopedia in order to learn about your prehistoric creature";"Stelle ein Dinopedia her, um mehr über deine prähistorische Kreaturen zu lernen";""
"advancements.fossil.dna.title";"Bingo! Dino DNA!";"Bingo! Dino DNS!";""
"advancements.fossil.dna.description";"Obtain DNA, usually from analyzing Bio Fossils";"Erhalte DNS. In der Regel durch das analysieren von Biofossilen";""
"advancements.fossil.embryos.title";"Starman";"Starman";""
"advancements.fossil.embryos.description";"Cultivate a mammal embryo from DNA";"Kultiviere ein Säugetierembryo aus DNS";""
"advancements.fossil.failuresaurus.title";"Back to the Drawing Boards";"Fangen wir noch mal von vorne an";""
"advancements.fossil.failuresaurus.description";"Encounter a Failuresaurus";"Begegne einem Fehlersaurier";""
"advancements.fossil.figurines.title";"Figures...";"Figures...";""
"advancements.fossil.figurines.description";"Find a figurine. Maybe these could be used to open a certain portal?";"Finde eine Figur. Vielleicht könnte damit irgendein Portal geöffnet werden?";""
"advancements.fossil.fossil_seeds.title";"Seeds of the Past";"Die Saat der Vergangenheit";""
"advancements.fossil.fossil_seeds.description";"Obtain Fossil Seeds from analyzing a Plant Fossil";"Erhalte einen versteinerten Samen durch das analysieren eines Pflanzenfossils";""
"advancements.fossil.fossil_tar.title";"Fossil Fuel";"Fossiler Treibstoff";""
"advancements.fossil.fossil_tar.description";"Obtain a Tar Fossil from analyzing a Tar Drop";"Erhalte ein Teerfossil durch das analysieren eines Teertropfens";""
"advancements.fossil.frozen_meat.title";"ZE ICE AGE!!!";"Komplett tiefgefroren";""
"advancements.fossil.frozen_meat.description";"Get Frozen Meat from Permafrost. It can be analyzed to get Cenozoic DNA";"Erhalte gefrorenes Fleisch aus Permafrost. Hinweis: Analysiere es, DNS aus dem Känozoikum zu erhalten";""
"advancements.fossil.kill_anu.title";"No Gods, No Masters";"Keine Götter, keine Meister";""
"advancements.fossil.kill_anu.description";"Kill Anu";"Töte Anu";""
"advancements.fossil.restored_seeds.title";"Back to Life";"Wieder am Blühen";""
"advancements.fossil.restored_seeds.description";"Restore a Fossilized Seed to a living state in the Culture Vat";"Versetze einen versteinerten Samen im Kultivierungsbehälter wieder in einen lebendigen Zustand";""
"advancements.fossil.sarcophagus.title";"Open Sesame!";"Sesam öffne dich!";""
"advancements.fossil.sarcophagus.description";"Open the Ancient Sarcophagus with a Scarab Gem";"Öffne den geheimnisvollen Sarkophag mit einem Skarabäus";""
"advancements.fossil.scarab_gem.title";"Winning the Lottery";"Lotteriegewinn";""
"advancements.fossil.scarab_gem.description";"Gain a Scarab Gem as a rare drop from a Fossil Block";"Erhalte einen Skarabäus als seltenen Gegenstand aus einem Fossilblock";""
"advancements.fossil.scarab_tame.title";"King of the Beasts!";"König der Bestien!";""
"advancements.fossil.scarab_tame.description";"Tame a large predator using a Scarab Gem or an Aquatic Scarab Gem";"Zähme einen großes Raubtier mit einem Skarabäus oder einem aquatischen Skarabäus";""
"advancements.fossil.stone_tablet.title";"The Never Ending Story";"Die unendliche Geschichte";""
"advancements.fossil.stone_tablet.description";"Obtain a Stone Tablet from analyzing Relic Scrap";"Erhalte eine Steintafel durch das Analysieren von Reliktschrott";""
"advancements.fossil.tar_drop.title";"Tar Tar Sauce";"Vorsicht! Klebrig!";""
"advancements.fossil.tar_drop.description";"Turn a Bucket of Tar into Tar Drops";"Verwandle einen Teereimer in Teertropfen";""
"advancements.fossil.worktable.title";"It Belongs in a Museum!";"Es gehört in ein Museum!";""
"advancements.fossil.worktable.description";"Craft an Archeologist Workbench";"Stelle eine Archäologen-Werkbank her";""
